date,ticker,open,high,low,close,adj_close,volume,source,fetched_at_utc
2026-08-24,VTI,377.92,378.0,376.48,377.07,377.07,2963600,yahoo,2026-09-08T12:40:39+00:00
2026-08-25,VTI,378.5,378.6,376.9,378.15,378.15,2640000,yahoo,2026-09-08T12:40:39+00:00
2026-08-26,VTI,377.69,378.9,377.28,378.23,378.23,2249300,yahoo,2026-09-08T12:40:39+00:00
2026-08-27,VTI,379.5,381.2,378.86,380.63,380.63,2911400,yahoo,2026-09-08T12:40:39+00:00
2026-08-28,VTI,381.03,382.25,378.88,379.36,379.36,2812400,yahoo,2026-09-08T12:40:39+00:00
2026-08-31,VTI,378.48,378.58,376.97,378.15,378.15,3185100,yahoo,2026-09-08T12:40:39+00:00
2026-09-01,VTI,375.8,376.82,374.15,375.17,375.17,3159500,yahoo,2026-09-08T12:40:39+00:00
2026-09-02,VTI,375.7,377.53,375.28,376.88,376.88,2470600,yahoo,2026-09-08T12:40:39+00:00
2026-09-03,VTI,378.5,381.32,378.16,380.93,380.93,2562600,yahoo,2026-09-08T12:40:39+00:00
2026-09-04,VTI,380.21,380.68,379.13,379.73,379.73,2629300,yahoo,2026-09-08T12:40:39+00:00
2026-08-24,ITOT,167.79,167.81,167.17,167.41,167.41,987400,yahoo,2026-09-08T12:40:39+00:00
2026-08-25,ITOT,167.99,168.09,167.33,167.9,167.9,1419100,yahoo,2026-09-08T12:40:39+00:00
2026-08-26,ITOT,167.66,168.2,167.5,167.93,167.93,843200,yahoo,2026-09-08T12:40:39+00:00
2026-08-27,ITOT,168.56,169.31,168.27,169.01,169.01,2251400,yahoo,2026-09-08T12:40:39+00:00
2026-08-28,ITOT,169.19,169.77,168.26,168.47,168.47,1456600,yahoo,2026-09-08T12:40:39+00:00
2026-08-31,ITOT,168.07,168.13,167.42,167.92,167.92,5505800,yahoo,2026-09-08T12:40:39+00:00
2026-09-01,ITOT,166.87,167.32,166.17,166.61,166.61,1251000,yahoo,2026-09-08T12:40:39+00:00
2026-09-02,ITOT,166.79,167.65,166.67,167.41,167.41,1338700,yahoo,2026-09-08T12:40:39+00:00
2026-09-03,ITOT,168.04,169.38,167.97,169.17,169.17,1047400,yahoo,2026-09-08T12:40:39+00:00
2026-09-04,ITOT,168.88,169.1,168.41,168.64,168.64,1003000,yahoo,2026-09-08T12:40:39+00:00
2026-08-24,VOO,702.97,703.39,700.53,701.83,701.83,7727600,yahoo,2026-09-08T12:40:39+00:00
2026-08-25,VOO,704.29,704.84,701.45,704.02,704.02,4315600,yahoo,2026-09-08T12:40:39+00:00
2026-08-26,VOO,702.9,705.32,702.23,704.2,704.2,7157800,yahoo,2026-09-08T12:40:39+00:00
2026-08-27,VOO,706.39,709.96,705.21,708.75,708.75,6745700,yahoo,2026-09-08T12:40:39+00:00
2026-08-28,VOO,709.39,712.67,706.26,707.24,707.24,8084500,yahoo,2026-09-08T12:40:39+00:00
2026-08-31,VOO,705.36,705.94,702.96,704.89,704.89,5733400,yahoo,2026-09-08T12:40:39+00:00
2026-09-01,VOO,700.45,702.91,698.14,700.28,700.28,6486900,yahoo,2026-09-08T12:40:39+00:00
2026-09-02,VOO,700.85,704.53,700.18,703.41,703.41,7742300,yahoo,2026-09-08T12:40:39+00:00
2026-09-03,VOO,705.82,711.52,705.51,710.72,710.72,8585400,yahoo,2026-09-08T12:40:39+00:00
2026-09-04,VOO,709.72,710.45,706.9,708.01,708.01,6806600,yahoo,2026-09-08T12:40:39+00:00
2026-08-24,IVV,768.4,768.82,765.74,767.13,767.13,6384600,yahoo,2026-09-08T12:40:39+00:00
2026-08-25,IVV,769.76,770.36,766.67,769.62,769.62,5368900,yahoo,2026-09-08T12:40:39+00:00
2026-08-26,IVV,768.38,770.97,767.56,769.65,769.65,5466900,yahoo,2026-09-08T12:40:39+00:00
2026-08-27,IVV,772.13,776.02,770.81,774.75,774.75,5190600,yahoo,2026-09-08T12:40:39+00:00
2026-08-28,IVV,775.43,779.02,772.0,773.0,773.0,5127200,yahoo,2026-09-08T12:40:39+00:00
2026-08-31,IVV,771.03,771.68,768.39,770.74,770.74,7045000,yahoo,2026-09-08T12:40:39+00:00
2026-09-01,IVV,765.64,768.31,763.12,765.35,765.35,5709100,yahoo,2026-09-08T12:40:39+00:00
2026-09-02,IVV,766.05,770.15,765.38,768.81,768.81,10016000,yahoo,2026-09-08T12:40:39+00:00
2026-09-03,IVV,771.54,777.73,771.17,777.13,777.13,9934100,yahoo,2026-09-08T12:40:39+00:00
2026-09-04,IVV,775.72,776.59,772.7,773.92,773.92,10435800,yahoo,2026-09-08T12:40:39+00:00
2026-08-24,SPYM,90.04,90.08,89.71,89.88,89.88,6490300,yahoo,2026-09-08T12:40:39+00:00
2026-08-25,SPYM,90.19,90.26,89.82,90.15,90.15,7420900,yahoo,2026-09-08T12:40:39+00:00
2026-08-26,SPYM,90.01,90.32,89.92,90.17,90.17,5545700,yahoo,2026-09-08T12:40:39+00:00
2026-08-27,SPYM,90.46,90.91,90.31,90.75,90.75,5446200,yahoo,2026-09-08T12:40:39+00:00
2026-08-28,SPYM,90.85,91.27,90.44,90.57,90.57,5953400,yahoo,2026-09-08T12:40:39+00:00
2026-08-31,SPYM,90.32,90.4,90.01,90.28,90.28,22315800,yahoo,2026-09-08T12:40:39+00:00
2026-09-01,SPYM,89.71,90.01,89.4,89.65,89.65,25529900,yahoo,2026-09-08T12:40:39+00:00
2026-09-02,SPYM,89.75,90.22,89.67,90.07,90.07,5982600,yahoo,2026-09-08T12:40:39+00:00
2026-09-03,SPYM,90.38,91.11,90.35,91.01,91.01,9257200,yahoo,2026-09-08T12:40:39+00:00
2026-09-04,SPYM,90.88,90.98,90.52,90.67,90.67,7511400,yahoo,2026-09-08T12:40:39+00:00
2026-08-24,SCHB,29.58,29.59,29.47,29.52,29.52,6009500,yahoo,2026-09-08T12:40:39+00:00
2026-08-25,SCHB,29.63,29.64,29.5,29.6,29.6,4789500,yahoo,2026-09-08T12:40:39+00:00
2026-08-26,SCHB,29.55,29.66,29.53,29.61,29.61,5310500,yahoo,2026-09-08T12:40:39+00:00
2026-08-27,SCHB,29.71,29.85,29.67,29.81,29.81,5020900,yahoo,2026-09-08T12:40:39+00:00
2026-08-28,SCHB,29.84,29.93,29.66,29.7,29.7,6139500,yahoo,2026-09-08T12:40:39+00:00
2026-08-31,SCHB,29.61,29.65,29.51,29.6,29.6,6649100,yahoo,2026-09-08T12:40:39+00:00
2026-09-01,SCHB,29.4,29.51,29.29,29.38,29.38,5606800,yahoo,2026-09-08T12:40:39+00:00
2026-09-02,SCHB,29.41,29.56,29.38,29.51,29.51,5745700,yahoo,2026-09-08T12:40:39+00:00
2026-09-03,SCHB,29.65,29.86,29.61,29.82,29.82,6462000,yahoo,2026-09-08T12:40:39+00:00
2026-09-04,SCHB,29.79,29.81,29.69,29.73,29.73,4503300,yahoo,2026-09-08T12:40:39+00:00
2026-08-24,SGOV,100.638,100.64,100.63,100.64,100.3332,19292700,yahoo,2026-09-08T12:40:39+00:00
2026-08-25,SGOV,100.645,100.65,100.64,100.64,100.3332,18014000,yahoo,2026-09-08T12:40:39+00:00
2026-08-26,SGOV,100.65,100.66,100.65,100.65,100.3431,14591600,yahoo,2026-09-08T12:40:39+00:00
2026-08-27,SGOV,100.66,100.67,100.66,100.66,100.3531,20320500,yahoo,2026-09-08T12:40:39+00:00
2026-08-28,SGOV,100.7,100.7,100.69,100.69,100.383,24992700,yahoo,2026-09-08T12:40:39+00:00
2026-08-31,SGOV,100.695,100.7,100.69,100.69,100.383,33942200,yahoo,2026-09-08T12:40:39+00:00
2026-09-01,SGOV,100.405,100.41,100.4,100.41,100.41,43943700,yahoo,2026-09-08T12:40:39+00:00
2026-09-02,SGOV,100.41,100.42,100.41,100.42,100.42,21524700,yahoo,2026-09-08T12:40:39+00:00
2026-09-03,SGOV,100.43,100.43,100.42,100.43,100.43,21303400,yahoo,2026-09-08T12:40:39+00:00
2026-09-04,SGOV,100.46,100.47,100.46,100.47,100.47,20691300,yahoo,2026-09-08T12:40:39+00:00
2026-08-24,BIL,91.61,91.61,91.6,91.61,91.3302,6038500,yahoo,2026-09-08T12:40:39+00:00
2026-08-25,BIL,91.61,91.62,91.61,91.62,91.3401,7515700,yahoo,2026-09-08T12:40:39+00:00
2026-08-26,BIL,91.62,91.63,91.62,91.63,91.3501,7363500,yahoo,2026-09-08T12:40:39+00:00
2026-08-27,BIL,91.63,91.64,91.63,91.63,91.3501,7762000,yahoo,2026-09-08T12:40:39+00:00
2026-08-28,BIL,91.66,91.66,91.65,91.65,91.37,7214300,yahoo,2026-09-08T12:40:39+00:00
2026-08-31,BIL,91.66,91.67,91.66,91.66,91.38,13829300,yahoo,2026-09-08T12:40:39+00:00
2026-09-01,BIL,91.4,91.4,91.39,91.39,91.39,15247200,yahoo,2026-09-08T12:40:39+00:00
2026-09-02,BIL,91.4,91.4,91.39,91.4,91.4,8971300,yahoo,2026-09-08T12:40:39+00:00
2026-09-03,BIL,91.41,91.42,91.4,91.42,91.42,10052400,yahoo,2026-09-08T12:40:39+00:00
2026-09-04,BIL,91.45,91.45,91.44,91.45,91.45,7288900,yahoo,2026-09-08T12:40:39+00:00
2026-08-24,USFR,50.5,50.5,50.49,50.49,50.33,3714700,yahoo,2026-09-08T12:40:39+00:00
2026-08-25,USFR,50.5,50.51,50.5,50.5,50.34,7765300,yahoo,2026-09-08T12:40:39+00:00
2026-08-26,USFR,50.35,50.35,50.34,50.34,50.34,4769400,yahoo,2026-09-08T12:40:39+00:00
2026-08-27,USFR,50.35,50.35,50.34,50.34,50.34,4415700,yahoo,2026-09-08T12:40:39+00:00
2026-08-28,USFR,50.36,50.37,50.35,50.36,50.36,5218700,yahoo,2026-09-08T12:40:39+00:00
2026-08-31,USFR,50.36,50.38,50.36,50.38,50.38,5695000,yahoo,2026-09-08T12:40:39+00:00
2026-09-01,USFR,50.38,50.38,50.37,50.38,50.38,6829300,yahoo,2026-09-08T12:40:39+00:00
2026-09-02,USFR,50.38,50.39,50.37,50.38,50.38,6101800,yahoo,2026-09-08T12:40:39+00:00
2026-09-03,USFR,50.39,50.39,50.38,50.38,50.38,5263300,yahoo,2026-09-08T12:40:39+00:00
2026-09-04,USFR,50.41,50.41,50.39,50.39,50.39,5974600,yahoo,2026-09-08T12:40:39+00:00
2026-08-24,SHV,110.31,110.33,110.31,110.32,109.9822,2165500,yahoo,2026-09-08T12:40:39+00:00
2026-08-25,SHV,110.33,110.34,110.33,110.34,110.0021,1931500,yahoo,2026-09-08T12:40:39+00:00
2026-08-26,SHV,110.34,110.35,110.34,110.35,110.0121,1934900,yahoo,2026-09-08T12:40:39+00:00
2026-08-27,SHV,110.36,110.36,110.35,110.35,110.0121,2170300,yahoo,2026-09-08T12:40:39+00:00
2026-08-28,SHV,110.38,110.39,110.36,110.36,110.022,3214000,yahoo,2026-09-08T12:40:39+00:00
2026-08-31,SHV,110.37,110.38,110.37,110.37,110.032,3467700,yahoo,2026-09-08T12:40:39+00:00
2026-09-01,SHV,110.06,110.06,110.04,110.05,110.05,4153500,yahoo,2026-09-08T12:40:39+00:00
2026-09-02,SHV,110.07,110.07,110.05,110.06,110.06,4385200,yahoo,2026-09-08T12:40:39+00:00
2026-09-03,SHV,110.07,110.09,110.07,110.08,110.08,4701300,yahoo,2026-09-08T12:40:39+00:00
2026-09-04,SHV,110.12,110.13,110.11,110.13,110.13,2383800,yahoo,2026-09-08T12:40:39+00:00
2026-08-24,KSA,39.03,39.09,38.945,39.03,39.03,295400,yahoo,2026-09-08T12:40:39+00:00
2026-08-25,KSA,39.27,39.305,39.08,39.26,39.26,338800,yahoo,2026-09-08T12:40:39+00:00
2026-08-26,KSA,39.29,39.515,39.29,39.48,39.48,461800,yahoo,2026-09-08T12:40:39+00:00
2026-08-27,KSA,39.38,39.41,39.25,39.3,39.3,232800,yahoo,2026-09-08T12:40:39+00:00
2026-08-28,KSA,39.36,39.425,39.24,39.26,39.26,308200,yahoo,2026-09-08T12:40:39+00:00
2026-08-31,KSA,38.95,38.95,38.74,38.8,38.8,770300,yahoo,2026-09-08T12:40:39+00:00
2026-09-01,KSA,38.68,38.82,38.51,38.62,38.62,1603700,yahoo,2026-09-08T12:40:39+00:00
2026-09-02,KSA,38.35,38.455,38.33,38.43,38.43,388300,yahoo,2026-09-08T12:40:39+00:00
2026-09-03,KSA,38.47,38.64,38.47,38.53,38.53,283700,yahoo,2026-09-08T12:40:39+00:00
2026-09-04,KSA,38.55,38.6,38.455,38.51,38.51,250900,yahoo,2026-09-08T12:40:39+00:00
2026-08-26,9412.SR,9.78,9.78,9.74,9.77,9.77,10426,yahoo,2026-09-08T12:40:39+00:00
2026-08-27,9412.SR,9.78,9.79,9.73,9.75,9.75,11302,yahoo,2026-09-08T12:40:39+00:00
2026-08-30,9412.SR,9.76,9.77,9.66,9.67,9.67,13763,yahoo,2026-09-08T12:40:39+00:00
2026-08-31,9412.SR,9.7,9.7,9.68,9.69,9.69,1842,yahoo,2026-09-08T12:40:39+00:00
2026-09-01,9412.SR,9.7,9.7,9.62,9.64,9.64,13041,yahoo,2026-09-08T12:40:39+00:00
2026-09-02,9412.SR,9.66,9.66,9.55,9.54,9.54,5257,yahoo,2026-09-08T12:40:39+00:00
2026-09-03,9412.SR,9.55,9.6,9.53,9.57,9.57,3073,yahoo,2026-09-08T12:40:39+00:00
2026-09-06,9412.SR,9.57,9.58,9.55,9.58,9.58,2946,yahoo,2026-09-08T12:40:39+00:00
2026-09-07,9412.SR,9.55,9.55,9.53,9.55,9.55,1448,yahoo,2026-09-08T12:40:39+00:00
2026-09-08,9412.SR,9.54,9.55,9.53,9.54,9.54,459,yahoo,2026-09-08T12:40:39+00:00
2026-08-26,9413.SR,10.55,10.55,10.42,10.43,10.43,22637,yahoo,2026-09-08T12:40:39+00:00
2026-08-27,9413.SR,10.55,10.55,10.45,10.46,10.46,27726,yahoo,2026-09-08T12:40:39+00:00
2026-08-30,9413.SR,10.55,10.55,10.36,10.37,10.37,19539,yahoo,2026-09-08T12:40:39+00:00
2026-08-31,9413.SR,10.52,10.52,10.34,10.34,10.34,410317,yahoo,2026-09-08T12:40:39+00:00
2026-09-01,9413.SR,10.52,10.52,10.27,10.27,10.27,67565,yahoo,2026-09-08T12:40:39+00:00
2026-09-02,9413.SR,10.28,10.28,10.19,10.21,10.21,59287,yahoo,2026-09-08T12:40:39+00:00
2026-09-03,9413.SR,10.37,10.37,10.2,10.23,10.23,18510,yahoo,2026-09-08T12:40:39+00:00
2026-09-06,9413.SR,10.4,10.4,10.2,10.21,10.21,17498,yahoo,2026-09-08T12:40:39+00:00
2026-09-07,9413.SR,10.39,10.39,10.17,10.18,10.18,32705,yahoo,2026-09-08T12:40:39+00:00
2026-09-08,9413.SR,10.35,10.35,10.1,10.18,10.18,179753,yahoo,2026-09-08T12:40:39+00:00
2026-08-26,9400.SR,49.98,50.6,49.98,50.22,50.22,879,yahoo,2026-09-08T12:40:39+00:00
2026-08-27,9400.SR,49.6,50.55,49.6,50.23,50.23,4029,yahoo,2026-09-08T12:40:39+00:00
2026-08-30,9400.SR,50.1,50.45,49.7,49.98,49.98,1450,yahoo,2026-09-08T12:40:39+00:00
2026-08-31,9400.SR,50.0,50.0,49.82,49.86,49.86,166,yahoo,2026-09-08T12:40:39+00:00
2026-09-01,9400.SR,49.82,49.86,49.6,49.81,49.81,1222,yahoo,2026-09-08T12:40:39+00:00
2026-09-02,9400.SR,49.82,49.82,49.1,49.16,49.16,678,yahoo,2026-09-08T12:40:39+00:00
2026-09-03,9400.SR,49.2,49.94,49.2,49.22,49.22,425,yahoo,2026-09-08T12:40:39+00:00
2026-09-06,9400.SR,49.2,50.0,49.2,49.54,49.54,826,yahoo,2026-09-08T12:40:39+00:00
2026-09-07,9400.SR,49.02,49.54,49.02,49.52,49.52,820,yahoo,2026-09-08T12:40:39+00:00
2026-09-08,9400.SR,49.5,49.5,49.04,49.26,49.26,214,yahoo,2026-09-08T12:40:39+00:00
2026-08-26,9402.SR,46.02,46.12,46.02,46.18,46.18,298,yahoo,2026-09-08T12:40:39+00:00
2026-08-27,9402.SR,46.12,46.26,46.08,46.05,46.05,269,yahoo,2026-09-08T12:40:39+00:00
2026-08-30,9402.SR,46.02,46.04,45.7,45.98,45.98,42,yahoo,2026-09-08T12:40:39+00:00
2026-08-31,9402.SR,46.2,49.0,45.7,45.79,45.79,154,yahoo,2026-09-08T12:40:39+00:00
2026-09-01,9402.SR,45.76,46.04,45.66,45.65,45.65,60,yahoo,2026-09-08T12:40:39+00:00
2026-09-02,9402.SR,44.98,46.04,44.98,45.51,45.51,24,yahoo,2026-09-08T12:40:39+00:00
2026-09-03,9402.SR,45.5,49.0,45.1,45.95,45.95,343,yahoo,2026-09-08T12:40:39+00:00
2026-09-06,9402.SR,44.98,45.88,44.98,45.88,45.88,35,yahoo,2026-09-08T12:40:39+00:00
2026-09-07,9402.SR,45.82,45.88,45.2,45.8,45.8,51,yahoo,2026-09-08T12:40:39+00:00
2026-09-08,9402.SR,44.98,50.0,44.98,45.03,45.03,286,yahoo,2026-09-08T12:40:39+00:00
2026-08-26,9403.SR,8.29,8.29,8.27,8.29,8.2652,4428,yahoo,2026-09-08T12:40:39+00:00
2026-08-27,9403.SR,8.33,8.35,8.3,8.33,8.305,6605,yahoo,2026-09-08T12:40:39+00:00
2026-08-30,9403.SR,8.33,8.35,8.33,8.33,8.305,4424,yahoo,2026-09-08T12:40:39+00:00
2026-08-31,9403.SR,8.35,8.35,8.34,8.35,8.325,4118,yahoo,2026-09-08T12:40:39+00:00
2026-09-01,9403.SR,8.34,8.34,8.33,8.34,8.315,3631,yahoo,2026-09-08T12:40:39+00:00
2026-09-02,9403.SR,8.34,8.34,8.31,8.32,8.32,2629,yahoo,2026-09-08T12:40:39+00:00
2026-09-03,9403.SR,8.3,8.33,8.3,8.32,8.32,4899,yahoo,2026-09-08T12:40:39+00:00
2026-09-06,9403.SR,8.31,8.33,8.3,8.31,8.31,7779,yahoo,2026-09-08T12:40:39+00:00
2026-09-07,9403.SR,8.3,8.32,8.3,8.31,8.31,4504,yahoo,2026-09-08T12:40:39+00:00
2026-09-08,9403.SR,8.32,8.32,8.31,8.32,8.32,1251,yahoo,2026-09-08T12:40:39+00:00
2026-08-26,9404.SR,10.38,10.42,10.17,10.38,10.38,5697,yahoo,2026-09-08T12:40:39+00:00
2026-08-27,9404.SR,10.42,10.43,10.25,10.32,10.32,2287,yahoo,2026-09-08T12:40:39+00:00
2026-08-30,9404.SR,10.39,10.39,10.33,10.33,10.33,3354,yahoo,2026-09-08T12:40:39+00:00
2026-08-31,9404.SR,10.35,10.36,10.33,10.35,10.35,3798,yahoo,2026-09-08T12:40:39+00:00
2026-09-01,9404.SR,10.39,10.4,10.26,10.35,10.35,5173,yahoo,2026-09-08T12:40:39+00:00
2026-09-02,9404.SR,10.39,10.4,10.28,10.32,10.32,4226,yahoo,2026-09-08T12:40:39+00:00
2026-09-03,9404.SR,10.4,10.41,10.05,10.27,10.27,4671,yahoo,2026-09-08T12:40:39+00:00
2026-09-06,9404.SR,10.14,10.4,10.14,10.29,10.29,3864,yahoo,2026-09-08T12:40:39+00:00
2026-09-07,9404.SR,10.15,10.29,10.15,10.17,10.17,655,yahoo,2026-09-08T12:40:39+00:00
2026-09-08,9404.SR,10.2,10.43,10.2,10.38,10.38,3316,yahoo,2026-09-08T12:40:39+00:00
2026-08-26,9408.SR,8.23,8.25,8.22,8.24,8.24,2024,yahoo,2026-09-08T12:40:39+00:00
2026-08-27,9408.SR,8.26,8.28,8.24,8.25,8.25,4004,yahoo,2026-09-08T12:40:39+00:00
2026-08-30,9408.SR,8.28,8.3,8.2,8.21,8.21,4985,yahoo,2026-09-08T12:40:39+00:00
2026-08-31,9408.SR,8.22,8.22,8.16,8.18,8.18,6144,yahoo,2026-09-08T12:40:39+00:00
2026-09-01,9408.SR,8.18,8.18,8.16,8.17,8.17,6338,yahoo,2026-09-08T12:40:39+00:00
2026-09-02,9408.SR,8.16,8.17,8.11,8.11,8.11,5508,yahoo,2026-09-08T12:40:39+00:00
2026-09-03,9408.SR,8.11,8.17,8.11,8.14,8.14,664,yahoo,2026-09-08T12:40:39+00:00
2026-09-06,9408.SR,8.13,8.13,8.0,8.0,8.0,4094,yahoo,2026-09-08T12:40:39+00:00
2026-09-07,9408.SR,8.0,8.01,7.97,7.97,7.97,1567,yahoo,2026-09-08T12:40:39+00:00
2026-09-08,9408.SR,7.99,8.09,7.99,8.09,8.09,1602,yahoo,2026-09-08T12:40:39+00:00
2026-09-08,^TASI.SR,11011.0898,11047.96,10990.0,11036.25,11036.25,156317475,yahoo,2026-09-08T12:40:39+00:00
2026-08-26,2222.SR,26.26,26.28,26.04,26.1,26.1,7275261,yahoo,2026-09-08T12:40:39+00:00
2026-08-27,2222.SR,26.16,26.28,26.08,26.1,26.1,8198665,yahoo,2026-09-08T12:40:39+00:00
2026-08-30,2222.SR,26.1,26.18,26.04,26.14,26.14,5068373,yahoo,2026-09-08T12:40:39+00:00
2026-08-31,2222.SR,26.22,26.32,26.06,26.06,26.06,15880147,yahoo,2026-09-08T12:40:39+00:00
2026-09-01,2222.SR,26.12,26.28,26.02,26.18,26.18,7619725,yahoo,2026-09-08T12:40:39+00:00
2026-09-02,2222.SR,26.2,26.24,26.02,26.02,26.02,6260631,yahoo,2026-09-08T12:40:39+00:00
2026-09-03,2222.SR,26.02,26.1,25.9,25.96,25.96,6688799,yahoo,2026-09-08T12:40:39+00:00
2026-09-06,2222.SR,26.02,26.1,25.9,25.96,25.96,6688799,yahoo,2026-09-08T12:40:39+00:00
2026-09-08,2222.SR,25.96,26.2,25.92,26.06,26.06,8253373,yahoo,2026-09-08T12:40:39+00:00
2026-08-26,1120.SR,69.0,69.55,68.6,69.0,69.0,9362117,yahoo,2026-09-08T12:40:39+00:00
2026-08-27,1120.SR,68.95,69.25,68.25,68.3,68.3,6843026,yahoo,2026-09-08T12:40:39+00:00
2026-08-30,1120.SR,68.3,68.55,67.55,67.8,67.8,5178236,yahoo,2026-09-08T12:40:39+00:00
2026-08-31,1120.SR,67.8,68.2,67.45,67.45,67.45,11347350,yahoo,2026-09-08T12:40:39+00:00
2026-09-01,1120.SR,67.5,68.05,66.7,67.0,67.0,8232539,yahoo,2026-09-08T12:40:39+00:00
2026-09-02,1120.SR,66.95,67.05,65.95,66.2,66.2,6430458,yahoo,2026-09-08T12:40:39+00:00
2026-09-03,1120.SR,66.35,66.9,66.25,66.35,66.35,7132709,yahoo,2026-09-08T12:40:39+00:00
2026-09-06,1120.SR,66.35,66.9,66.25,66.35,66.35,7132709,yahoo,2026-09-08T12:40:39+00:00
2026-09-08,1120.SR,66.25,66.8,66.1,66.7,66.7,4889744,yahoo,2026-09-08T12:40:39+00:00
2026-08-26,7010.SR,44.3,44.78,44.2,44.6,44.6,3648852,yahoo,2026-09-08T12:40:39+00:00
2026-08-27,7010.SR,44.7,44.7,44.38,44.66,44.66,2125792,yahoo,2026-09-08T12:40:39+00:00
2026-08-30,7010.SR,44.66,44.7,44.34,44.4,44.4,962644,yahoo,2026-09-08T12:40:39+00:00
2026-08-31,7010.SR,44.42,44.72,44.34,44.72,44.72,6757374,yahoo,2026-09-08T12:40:39+00:00
2026-09-01,7010.SR,44.68,44.68,44.2,44.34,44.34,2227002,yahoo,2026-09-08T12:40:39+00:00
2026-09-02,7010.SR,44.32,44.32,43.86,43.86,43.86,1980442,yahoo,2026-09-08T12:40:39+00:00
2026-09-03,7010.SR,43.9,44.02,43.8,43.86,43.86,2183047,yahoo,2026-09-08T12:40:39+00:00
2026-09-06,7010.SR,43.9,44.02,43.8,43.86,43.86,2183047,yahoo,2026-09-08T12:40:39+00:00
2026-09-08,7010.SR,43.8,44.0,43.8,43.9,43.9,1265252,yahoo,2026-09-08T12:40:39+00:00
2026-08-26,4013.SR,240.7,242.9,239.7,240.0,240.0,124006,yahoo,2026-09-08T12:40:39+00:00
2026-08-27,4013.SR,240.9,242.6,238.9,241.0,241.0,199507,yahoo,2026-09-08T12:40:39+00:00
2026-08-30,4013.SR,241.0,241.5,237.8,238.0,238.0,131685,yahoo,2026-09-08T12:40:39+00:00
2026-08-31,4013.SR,240.0,240.5,232.9,232.9,232.9,351766,yahoo,2026-09-08T12:40:39+00:00
2026-09-01,4013.SR,235.0,237.2,233.6,235.0,235.0,147421,yahoo,2026-09-08T12:40:39+00:00
2026-09-02,4013.SR,235.5,235.5,230.6,230.8,230.8,75444,yahoo,2026-09-08T12:40:39+00:00
2026-09-03,4013.SR,230.8,232.2,228.4,230.2,230.2,167893,yahoo,2026-09-08T12:40:39+00:00
2026-09-06,4013.SR,230.8,232.2,228.4,230.2,230.2,167893,yahoo,2026-09-08T12:40:39+00:00
2026-09-08,4013.SR,231.6,233.3,231.0,232.1,232.1,47476,yahoo,2026-09-08T12:40:39+00:00
2026-08-26,2280.SR,48.1,49.38,48.1,49.08,49.08,804462,yahoo,2026-09-08T12:40:39+00:00
2026-08-27,2280.SR,49.06,49.9,48.8,49.9,49.9,1003486,yahoo,2026-09-08T12:40:39+00:00
2026-08-30,2280.SR,49.94,49.94,49.24,49.26,49.26,136395,yahoo,2026-09-08T12:40:39+00:00
2026-08-31,2280.SR,49.5,49.58,49.0,49.0,49.0,1139307,yahoo,2026-09-08T12:40:39+00:00
2026-09-01,2280.SR,49.0,49.34,48.02,48.1,48.1,798050,yahoo,2026-09-08T12:40:39+00:00
2026-09-02,2280.SR,48.02,48.32,47.44,47.5,47.5,513822,yahoo,2026-09-08T12:40:39+00:00
2026-09-03,2280.SR,47.32,47.6,47.08,47.44,47.44,457416,yahoo,2026-09-08T12:40:39+00:00
2026-09-06,2280.SR,47.32,47.6,47.08,47.44,47.44,457416,yahoo,2026-09-08T12:40:39+00:00
2026-09-08,2280.SR,46.7,47.34,46.64,46.96,46.96,475920,yahoo,2026-09-08T12:40:39+00:00
2026-08-26,4190.SR,17.13,17.18,17.0,17.06,17.06,1212334,yahoo,2026-09-08T12:40:39+00:00
2026-08-27,4190.SR,17.06,17.12,17.02,17.1,17.1,695608,yahoo,2026-09-08T12:40:39+00:00
2026-08-30,4190.SR,17.1,17.1,17.01,17.07,17.07,488855,yahoo,2026-09-08T12:40:39+00:00
2026-08-31,4190.SR,17.08,17.5,17.06,17.18,17.18,3470577,yahoo,2026-09-08T12:40:39+00:00
2026-09-01,4190.SR,17.2,17.24,16.77,16.8,16.8,5025134,yahoo,2026-09-08T12:40:39+00:00
2026-09-02,4190.SR,16.78,16.78,16.53,16.53,16.53,1267927,yahoo,2026-09-08T12:40:39+00:00
2026-09-03,4190.SR,16.53,16.53,16.26,16.3,16.3,1923899,yahoo,2026-09-08T12:40:39+00:00
2026-09-06,4190.SR,16.53,16.53,16.26,16.3,16.3,1923899,yahoo,2026-09-08T12:40:39+00:00
2026-09-08,4190.SR,16.28,16.39,16.24,16.36,16.36,667636,yahoo,2026-09-08T12:40:39+00:00
2026-08-26,SAR=X,3.6421,3.6432,3.6421,3.6421,3.6421,0,yahoo,2026-09-08T12:40:39+00:00
2026-08-27,SAR=X,3.6497,3.6497,3.6367,3.6497,3.6497,0,yahoo,2026-09-08T12:40:39+00:00
2026-08-28,SAR=X,3.642,3.651,3.638,3.642,3.642,0,yahoo,2026-09-08T12:40:39+00:00
2026-08-31,SAR=X,3.6629,3.6629,3.6628,3.6629,3.6629,0,yahoo,2026-09-08T12:40:39+00:00
2026-09-01,SAR=X,3.6628,3.664,3.6622,3.6628,3.6628,0,yahoo,2026-09-08T12:40:39+00:00
2026-09-02,SAR=X,3.6722,3.6722,3.6334,3.6722,3.6722,0,yahoo,2026-09-08T12:40:39+00:00
2026-09-03,SAR=X,3.6848,3.6956,3.593,3.6848,3.6848,0,yahoo,2026-09-08T12:40:39+00:00
2026-09-04,SAR=X,3.75,3.7548,3.7499,3.7501,3.7501,0,yahoo,2026-09-08T12:40:39+00:00
2026-09-07,SAR=X,3.6416,3.643,3.6416,3.6416,3.6416,0,yahoo,2026-09-08T12:40:39+00:00
2026-09-08,SAR=X,3.7552,3.7554,3.7538,3.755,3.755,0,yahoo,2026-09-08T12:40:39+00:00
2026-08-27,BZ=F,87.56,90.34,86.29,89.7,89.7,9814,yahoo,2026-09-08T12:40:39+00:00
2026-08-28,BZ=F,89.51,90.16,88.9,89.31,89.31,26729,yahoo,2026-09-08T12:40:39+00:00
2026-08-31,BZ=F,89.31,91.5,89.03,90.49,90.49,23556,yahoo,2026-09-08T12:40:39+00:00
2026-09-01,BZ=F,90.85,95.45,90.73,94.65,94.65,38404,yahoo,2026-09-08T12:40:39+00:00
2026-09-02,BZ=F,95.23,97.01,93.52,95.63,95.63,41717,yahoo,2026-09-08T12:40:39+00:00
2026-09-03,BZ=F,95.33,97.61,94.04,95.52,95.52,48231,yahoo,2026-09-08T12:40:39+00:00
2026-09-04,BZ=F,95.88,96.56,93.17,96.28,96.28,35106,yahoo,2026-09-08T12:40:39+00:00
2026-09-08,BZ=F,96.9,99.45,95.97,98.33,98.33,36216,yahoo,2026-09-08T12:40:39+00:00
2026-08-27,CL=F,82.0,84.27,80.65,83.53,83.53,220113,yahoo,2026-09-08T12:40:39+00:00
2026-08-28,CL=F,83.67,83.78,82.25,83.4,83.4,167615,yahoo,2026-09-08T12:40:39+00:00
2026-08-31,CL=F,84.69,86.79,84.11,85.76,85.76,235761,yahoo,2026-09-08T12:40:39+00:00
2026-09-01,CL=F,86.31,90.97,86.13,90.22,90.22,331106,yahoo,2026-09-08T12:40:39+00:00
2026-09-02,CL=F,90.65,92.29,88.97,91.01,91.01,283450,yahoo,2026-09-08T12:40:39+00:00
2026-09-03,CL=F,90.7,93.14,89.57,91.3,91.3,324521,yahoo,2026-09-08T12:40:39+00:00
2026-09-04,CL=F,91.67,92.17,88.72,91.48,91.48,273129,yahoo,2026-09-08T12:40:39+00:00
2026-09-08,CL=F,92.26,94.73,90.87,93.5,93.5,194695,yahoo,2026-09-08T12:40:39+00:00
2026-08-25,^TNX,4.664,4.672,4.637,4.639,4.639,0,yahoo,2026-09-08T12:40:39+00:00
2026-08-26,^TNX,4.633,4.67,4.621,4.664,4.664,0,yahoo,2026-09-08T12:40:39+00:00
2026-08-27,^TNX,4.658,4.68,4.649,4.672,4.672,0,yahoo,2026-09-08T12:40:39+00:00
2026-08-28,^TNX,4.688,4.73,4.654,4.72,4.72,0,yahoo,2026-09-08T12:40:39+00:00
2026-08-31,^TNX,4.728,4.768,4.726,4.758,4.758,0,yahoo,2026-09-08T12:40:39+00:00
2026-09-01,^TNX,4.788,4.8,4.752,4.796,4.796,0,yahoo,2026-09-08T12:40:39+00:00
2026-09-02,^TNX,4.776,4.806,4.768,4.796,4.796,0,yahoo,2026-09-08T12:40:39+00:00
2026-09-03,^TNX,4.766,4.768,4.732,4.762,4.762,0,yahoo,2026-09-08T12:40:39+00:00
2026-09-04,^TNX,4.754,4.812,4.748,4.784,4.784,0,yahoo,2026-09-08T12:40:39+00:00
2026-09-08,^TNX,4.794,4.794,4.788,4.788,4.788,0,yahoo,2026-09-08T12:40:39+00:00
2026-08-25,^IRX,3.705,3.71,3.703,3.705,3.705,0,yahoo,2026-09-08T12:40:39+00:00
2026-08-26,^IRX,3.695,3.7,3.685,3.69,3.69,0,yahoo,2026-09-08T12:40:39+00:00
2026-08-27,^IRX,3.68,3.685,3.678,3.678,3.678,0,yahoo,2026-09-08T12:40:39+00:00
2026-08-28,^IRX,3.675,3.735,3.66,3.73,3.73,0,yahoo,2026-09-08T12:40:39+00:00
2026-08-31,^IRX,3.728,3.743,3.728,3.732,3.732,0,yahoo,2026-09-08T12:40:39+00:00
2026-09-01,^IRX,3.765,3.778,3.765,3.772,3.772,0,yahoo,2026-09-08T12:40:39+00:00
2026-09-02,^IRX,3.775,3.775,3.77,3.772,3.772,0,yahoo,2026-09-08T12:40:39+00:00
2026-09-03,^IRX,3.768,3.768,3.74,3.74,3.74,0,yahoo,2026-09-08T12:40:39+00:00
2026-09-04,^IRX,3.745,3.77,3.73,3.757,3.757,0,yahoo,2026-09-08T12:40:39+00:00
2026-09-08,^IRX,3.765,3.765,3.763,3.763,3.763,0,yahoo,2026-09-08T12:40:39+00:00
2026-08-24,MSFT,483.21,490.61,481.86,487.31,487.31,17230800,yahoo,2026-09-08T12:40:39+00:00
2026-08-25,MSFT,485.44,492.44,484.3,491.71,491.71,19519000,yahoo,2026-09-08T12:40:39+00:00
2026-08-26,MSFT,487.85,497.4,487.31,496.37,496.37,20758900,yahoo,2026-09-08T12:40:39+00:00
2026-08-27,MSFT,494.88,506.48,490.08,505.06,505.06,28688800,yahoo,2026-09-08T12:40:39+00:00
2026-08-28,MSFT,505.33,517.78,504.87,513.53,513.53,29207300,yahoo,2026-09-08T12:40:39+00:00
2026-08-31,MSFT,510.38,512.19,506.39,507.29,507.29,27208900,yahoo,2026-09-08T12:40:39+00:00
2026-09-01,MSFT,497.52,505.97,496.78,501.02,501.02,21046900,yahoo,2026-09-08T12:40:39+00:00
2026-09-02,MSFT,499.85,500.27,493.81,496.82,496.82,15336100,yahoo,2026-09-08T12:40:39+00:00
2026-09-03,MSFT,501.66,515.65,500.8,510.12,510.12,24125900,yahoo,2026-09-08T12:40:39+00:00
2026-09-04,MSFT,510.0,511.0,499.36,499.7,499.7,18074400,yahoo,2026-09-08T12:40:39+00:00
2026-08-24,V,373.26,383.43,372.21,382.41,382.41,8477500,yahoo,2026-09-08T12:40:39+00:00
2026-08-25,V,381.21,384.2,380.27,384.14,384.14,6777600,yahoo,2026-09-08T12:40:39+00:00
2026-08-26,V,384.14,385.57,381.08,383.9,383.9,6075100,yahoo,2026-09-08T12:40:39+00:00
2026-08-27,V,381.14,381.77,378.5,379.66,379.66,6641500,yahoo,2026-09-08T12:40:39+00:00
2026-08-28,V,380.3,383.68,379.03,381.6,381.6,4643000,yahoo,2026-09-08T12:40:39+00:00
2026-08-31,V,381.35,382.48,378.8,379.37,379.37,6744800,yahoo,2026-09-08T12:40:39+00:00
2026-09-01,V,379.65,380.75,372.22,372.67,372.67,5857400,yahoo,2026-09-08T12:40:39+00:00
2026-09-02,V,374.01,380.17,374.01,378.4,378.4,5599900,yahoo,2026-09-08T12:40:39+00:00
2026-09-03,V,380.17,382.21,376.86,378.75,378.75,3869500,yahoo,2026-09-08T12:40:39+00:00
2026-09-04,V,374.89,377.5,373.64,375.07,375.07,4645100,yahoo,2026-09-08T12:40:39+00:00
2026-08-24,ISRG,379.25,384.06,373.48,373.57,373.57,1518800,yahoo,2026-09-08T12:40:39+00:00
2026-08-25,ISRG,375.25,378.23,367.07,371.84,371.84,1768000,yahoo,2026-09-08T12:40:39+00:00
2026-08-26,ISRG,368.49,372.37,366.73,370.42,370.42,1664300,yahoo,2026-09-08T12:40:39+00:00
2026-08-27,ISRG,369.61,372.31,366.9,367.07,367.07,1787700,yahoo,2026-09-08T12:40:39+00:00
2026-08-28,ISRG,368.0,373.4,366.74,372.6,372.6,1801600,yahoo,2026-09-08T12:40:39+00:00
2026-08-31,ISRG,369.0,377.37,365.32,376.86,376.86,1922200,yahoo,2026-09-08T12:40:39+00:00
2026-09-01,ISRG,375.0,375.4,366.35,369.25,369.25,1848700,yahoo,2026-09-08T12:40:39+00:00
2026-09-02,ISRG,369.0,382.41,368.25,371.88,371.88,2053000,yahoo,2026-09-08T12:40:39+00:00
2026-09-03,ISRG,374.79,378.99,365.42,369.83,369.83,1745700,yahoo,2026-09-08T12:40:39+00:00
2026-09-04,ISRG,367.81,369.55,363.23,366.7,366.7,2081300,yahoo,2026-09-08T12:40:39+00:00
2026-08-24,COST,953.01,974.49,951.39,971.4,971.4,2204700,yahoo,2026-09-08T12:40:39+00:00
2026-08-25,COST,965.86,969.05,959.89,960.01,960.01,1359900,yahoo,2026-09-08T12:40:39+00:00
2026-08-26,COST,960.58,964.45,954.54,956.12,956.12,1221600,yahoo,2026-09-08T12:40:39+00:00
2026-08-27,COST,948.27,948.85,933.25,934.66,934.66,2239600,yahoo,2026-09-08T12:40:39+00:00
2026-08-28,COST,938.94,953.73,937.11,945.47,945.47,1401300,yahoo,2026-09-08T12:40:39+00:00
2026-08-31,COST,945.19,949.3,940.71,943.89,943.89,2392600,yahoo,2026-09-08T12:40:39+00:00
2026-09-01,COST,947.35,952.1,935.93,939.96,939.96,1507800,yahoo,2026-09-08T12:40:39+00:00
2026-09-02,COST,938.49,938.88,920.31,928.48,928.48,2163000,yahoo,2026-09-08T12:40:39+00:00
2026-09-03,COST,927.79,930.76,915.31,925.41,925.41,2171100,yahoo,2026-09-08T12:40:39+00:00
2026-09-04,COST,926.09,928.04,914.54,915.74,915.74,2076200,yahoo,2026-09-08T12:40:39+00:00
2026-08-24,NVDA,215.53,215.59,207.25,208.48,208.48,135187300,yahoo,2026-09-08T12:40:39+00:00
2026-08-25,NVDA,211.03,214.73,210.11,213.05,213.05,122309000,yahoo,2026-09-08T12:40:39+00:00
2026-08-26,NVDA,212.64,213.6,209.23,209.66,209.66,179900000,yahoo,2026-09-08T12:40:39+00:00
2026-08-27,NVDA,222.86,230.47,220.9,227.98,227.98,298909800,yahoo,2026-09-08T12:40:39+00:00
2026-08-28,NVDA,227.36,229.26,216.81,217.55,217.55,195116400,yahoo,2026-09-08T12:40:39+00:00
2026-08-31,NVDA,218.87,221.3,216.21,220.78,220.78,124702700,yahoo,2026-09-08T12:40:39+00:00
2026-09-01,NVDA,216.75,220.41,215.1,217.44,217.44,109756200,yahoo,2026-09-08T12:40:39+00:00
2026-09-02,NVDA,218.79,227.95,218.48,224.41,224.41,157104700,yahoo,2026-09-08T12:40:39+00:00
2026-09-03,NVDA,226.02,230.4,224.75,228.45,228.45,134681600,yahoo,2026-09-08T12:40:39+00:00
2026-09-04,NVDA,231.09,234.76,229.63,230.36,230.36,134946800,yahoo,2026-09-08T12:40:39+00:00
2026-08-24,LLY,1262.14,1262.14,1230.95,1246.9301,1246.9301,1664600,yahoo,2026-09-08T12:40:39+00:00
2026-08-25,LLY,1249.0,1264.73,1229.79,1233.66,1233.66,2141100,yahoo,2026-09-08T12:40:39+00:00
2026-08-26,LLY,1234.0,1235.78,1180.01,1189.41,1189.41,3000500,yahoo,2026-09-08T12:40:39+00:00
2026-08-27,LLY,1182.25,1190.11,1171.71,1176.1,1176.1,2730600,yahoo,2026-09-08T12:40:39+00:00
2026-08-28,LLY,1172.66,1180.0,1162.9301,1174.61,1174.61,2450800,yahoo,2026-09-08T12:40:39+00:00
2026-08-31,LLY,1168.47,1171.45,1147.0,1156.73,1156.73,3055800,yahoo,2026-09-08T12:40:39+00:00
2026-09-01,LLY,1188.0,1188.33,1156.85,1160.0,1160.0,2520100,yahoo,2026-09-08T12:40:39+00:00
2026-09-02,LLY,1164.15,1187.83,1158.0,1160.08,1160.08,2445100,yahoo,2026-09-08T12:40:39+00:00
2026-09-03,LLY,1170.0,1171.66,1137.5,1159.6,1159.6,2550500,yahoo,2026-09-08T12:40:39+00:00
2026-09-04,LLY,1150.61,1158.4399,1138.3101,1149.36,1149.36,2218900,yahoo,2026-09-08T12:40:39+00:00
2026-09-04,UST3M,,,,3.91,3.91,,us_treasury,2026-09-08T12:40:39+00:00
2026-09-04,UST2Y,,,,4.37,4.37,,us_treasury,2026-09-08T12:40:39+00:00
2026-09-04,UST10Y,,,,4.78,4.78,,us_treasury,2026-09-08T12:40:39+00:00
2026-09-03,UST3M,,,,3.89,3.89,,us_treasury,2026-09-08T12:40:39+00:00
2026-09-03,UST2Y,,,,4.34,4.34,,us_treasury,2026-09-08T12:40:39+00:00
2026-09-03,UST10Y,,,,4.77,4.77,,us_treasury,2026-09-08T12:40:39+00:00
2026-09-02,UST3M,,,,3.92,3.92,,us_treasury,2026-09-08T12:40:39+00:00
2026-09-02,UST2Y,,,,4.39,4.39,,us_treasury,2026-09-08T12:40:39+00:00
2026-09-02,UST10Y,,,,4.79,4.79,,us_treasury,2026-09-08T12:40:39+00:00
2026-09-01,UST3M,,,,3.92,3.92,,us_treasury,2026-09-08T12:40:39+00:00
2026-09-01,UST2Y,,,,4.39,4.39,,us_treasury,2026-09-08T12:40:39+00:00
2026-09-01,UST10Y,,,,4.79,4.79,,us_treasury,2026-09-08T12:40:39+00:00
2026-08-31,UST3M,,,,3.91,3.91,,us_treasury,2026-09-08T12:40:39+00:00
2026-08-31,UST2Y,,,,4.34,4.34,,us_treasury,2026-09-08T12:40:39+00:00
2026-08-31,UST10Y,,,,4.75,4.75,,us_treasury,2026-09-08T12:40:39+00:00
2026-08-28,UST3M,,,,3.90,3.90,,us_treasury,2026-09-08T12:40:39+00:00
2026-08-28,UST2Y,,,,4.34,4.34,,us_treasury,2026-09-08T12:40:39+00:00
2026-08-28,UST10Y,,,,4.73,4.73,,us_treasury,2026-09-08T12:40:39+00:00
2026-08-27,UST3M,,,,3.84,3.84,,us_treasury,2026-09-08T12:40:39+00:00
2026-08-27,UST2Y,,,,4.20,4.20,,us_treasury,2026-09-08T12:40:39+00:00
2026-08-27,UST10Y,,,,4.67,4.67,,us_treasury,2026-09-08T12:40:39+00:00
2026-08-26,UST3M,,,,3.85,3.85,,us_treasury,2026-09-08T12:40:39+00:00
2026-08-26,UST2Y,,,,4.19,4.19,,us_treasury,2026-09-08T12:40:39+00:00
2026-08-26,UST10Y,,,,4.66,4.66,,us_treasury,2026-09-08T12:40:39+00:00
2026-08-25,UST3M,,,,3.86,3.86,,us_treasury,2026-09-08T12:40:39+00:00
2026-08-25,UST2Y,,,,4.17,4.17,,us_treasury,2026-09-08T12:40:39+00:00
2026-08-25,UST10Y,,,,4.64,4.64,,us_treasury,2026-09-08T12:40:39+00:00
2026-08-24,UST3M,,,,3.87,3.87,,us_treasury,2026-09-08T12:40:39+00:00
2026-08-24,UST2Y,,,,4.24,4.24,,us_treasury,2026-09-08T12:40:39+00:00
2026-08-24,UST10Y,,,,4.70,4.70,,us_treasury,2026-09-08T12:40:39+00:00
2026-09-08,VTI,379.34,379.57,377.68,378.365,378.365,2266460,yahoo,2026-09-08T16:51:41+00:00
2026-09-08,ITOT,168.48,168.55,167.745,168.045,168.045,551489,yahoo,2026-09-08T16:51:41+00:00
2026-09-08,VOO,706.98,707.51,704.135,705.2737,705.2737,2462961,yahoo,2026-09-08T16:51:41+00:00
2026-09-08,IVV,772.76,773.32,769.65,771.0,771.0,1061492,yahoo,2026-09-08T16:51:41+00:00
2026-09-08,SPYM,90.54,90.6,90.17,90.315,90.315,5634845,yahoo,2026-09-08T16:51:41+00:00
2026-09-08,SCHB,29.7,29.72,29.57,29.625,29.625,3244844,yahoo,2026-09-08T16:51:41+00:00
2026-09-08,SGOV,100.48,100.48,100.47,100.475,100.475,13694725,yahoo,2026-09-08T16:51:41+00:00
2026-09-08,BIL,91.46,91.46,91.45,91.453,91.453,3976816,yahoo,2026-09-08T16:51:41+00:00
2026-09-08,USFR,50.42,50.42,50.4,50.4001,50.4001,2592178,yahoo,2026-09-08T16:51:41+00:00
2026-09-08,SHV,110.13,110.13,110.12,110.125,110.125,1149110,yahoo,2026-09-08T16:51:41+00:00
2026-09-08,KSA,38.47,38.5,38.41,38.48,38.48,117672,yahoo,2026-09-08T16:51:41+00:00
2026-09-08,MSFT,493.01,495.19,490.19,491.55,491.55,7080267,yahoo,2026-09-08T16:51:41+00:00
2026-09-08,V,371.6,373.5,367.695,368.67,368.67,1964244,yahoo,2026-09-08T16:51:41+00:00
2026-09-08,ISRG,361.23,362.53,347.52,350.3,350.3,1549928,yahoo,2026-09-08T16:51:41+00:00
2026-09-08,COST,913.475,915.13,906.1,908.645,908.645,1046251,yahoo,2026-09-08T16:51:41+00:00
2026-09-08,NVDA,233.21,233.71,225.55,225.8295,225.8295,67221936,yahoo,2026-09-08T16:51:41+00:00
2026-09-08,LLY,1133.0,1134.53,1113.55,1128.46,1128.46,1065811,yahoo,2026-09-08T16:51:41+00:00
2026-09-08,UST3M,,,,3.94,3.94,,us_treasury,2026-09-08T20:10:14+00:00
2026-09-08,UST2Y,,,,4.39,4.39,,us_treasury,2026-09-08T20:10:14+00:00
2026-09-08,UST10Y,,,,4.80,4.80,,us_treasury,2026-09-08T20:10:14+00:00
2026-09-09,9412.SR,9.55,9.55,9.53,9.53,9.53,1161,yahoo,2026-09-09T08:06:20+00:00
2026-09-09,9413.SR,10.18,10.22,10.18,10.22,10.22,2693,yahoo,2026-09-09T08:06:20+00:00
2026-09-09,9400.SR,48.1,49.36,48.1,49.02,49.02,352,yahoo,2026-09-09T08:06:20+00:00
2026-09-09,9402.SR,45.64,49.38,45.2,45.84,45.84,2044,yahoo,2026-09-09T08:06:20+00:00
2026-09-09,9403.SR,8.31,8.32,8.31,8.31,8.31,239,yahoo,2026-09-09T08:06:20+00:00
2026-09-09,9404.SR,10.38,10.38,10.34,10.37,10.37,14,yahoo,2026-09-09T08:06:20+00:00
2026-09-09,9408.SR,8.1,8.11,8.09,8.11,8.11,17,yahoo,2026-09-09T08:06:20+00:00
2026-09-09,^TASI.SR,11035.4502,11053.6299,11031.1904,11040.5898,11040.5898,37476187,yahoo,2026-09-09T08:06:20+00:00
2026-09-09,2222.SR,26.06,26.2,26.02,26.14,26.14,1586710,yahoo,2026-09-09T08:06:20+00:00
2026-09-09,1120.SR,66.7,66.7,66.3,66.3,66.3,1003486,yahoo,2026-09-09T08:06:20+00:00
2026-09-09,7010.SR,43.9,44.0,43.88,43.88,43.88,267179,yahoo,2026-09-09T08:06:20+00:00
2026-09-09,4013.SR,232.3,233.3,232.3,233.2,233.2,2595,yahoo,2026-09-09T08:06:20+00:00
2026-09-09,2280.SR,46.96,47.0,46.76,46.98,46.98,343851,yahoo,2026-09-09T08:06:20+00:00
2026-09-09,4190.SR,16.36,16.43,16.28,16.31,16.31,186529,yahoo,2026-09-09T08:06:20+00:00
2026-09-09,SAR=X,3.755,3.7551,3.7537,3.7549,3.7549,0,yahoo,2026-09-09T08:06:20+00:00
2026-09-09,BZ=F,99.53,100.18,98.83,99.91,99.91,8041,yahoo,2026-09-09T08:06:20+00:00
2026-09-09,CL=F,94.31,94.85,93.76,94.48,94.48,40226,yahoo,2026-09-09T08:06:20+00:00
2026-09-09,VTI,376.84,377.0,375.02,375.835,375.835,1510656,yahoo,2026-09-09T16:54:18+00:00
2026-09-09,ITOT,167.4,167.4,166.57,166.92,166.92,951527,yahoo,2026-09-09T16:54:18+00:00
2026-09-09,VOO,702.35,702.6434,699.485,701.11,701.11,2374797,yahoo,2026-09-09T16:54:18+00:00
2026-09-09,IVV,767.71,768.0,764.64,766.38,766.38,1437963,yahoo,2026-09-09T16:54:18+00:00
2026-09-09,SPYM,89.95,89.985,89.58,89.785,89.785,5216439,yahoo,2026-09-09T16:54:18+00:00
2026-09-09,SCHB,29.51,29.52,29.36,29.43,29.43,2636778,yahoo,2026-09-09T16:54:18+00:00
2026-09-09,SGOV,100.48,100.49,100.48,100.485,100.485,10627943,yahoo,2026-09-09T16:54:18+00:00
2026-09-09,BIL,91.46,91.47,91.46,91.465,91.465,4011673,yahoo,2026-09-09T16:54:18+00:00
2026-09-09,USFR,50.42,50.42,50.41,50.414,50.414,2207393,yahoo,2026-09-09T16:54:18+00:00
2026-09-09,SHV,110.14,110.14,110.13,110.1309,110.1309,927227,yahoo,2026-09-09T16:54:18+00:00
2026-09-09,KSA,38.36,38.38,38.255,38.32,38.32,293149,yahoo,2026-09-09T16:54:18+00:00
2026-09-09,^TNX,4.808,4.857,4.794,4.845,4.845,0,yahoo,2026-09-09T16:54:18+00:00
2026-09-09,^IRX,3.803,3.813,3.795,3.81,3.81,0,yahoo,2026-09-09T16:54:18+00:00
2026-09-09,MSFT,493.07,494.39,489.8,492.85,492.85,5192546,yahoo,2026-09-09T16:54:18+00:00
2026-09-09,V,368.45,369.29,365.88,368.43,368.43,1722745,yahoo,2026-09-09T16:54:18+00:00
2026-09-09,ISRG,350.21,357.99,349.855,351.33,351.33,979319,yahoo,2026-09-09T16:54:18+00:00
2026-09-09,COST,907.0,909.2299,898.43,899.328,899.328,988370,yahoo,2026-09-09T16:54:18+00:00
2026-09-09,NVDA,225.27,226.18,223.51,224.21,224.21,44671270,yahoo,2026-09-09T16:54:18+00:00
2026-09-09,LLY,1127.61,1138.7,1123.9,1124.4812,1124.4812,810841,yahoo,2026-09-09T16:54:18+00:00
2026-09-09,UST3M,,,,3.95,3.95,,us_treasury,2026-09-09T19:58:49+00:00
2026-09-09,UST2Y,,,,4.43,4.43,,us_treasury,2026-09-09T19:58:49+00:00
2026-09-09,UST10Y,,,,4.83,4.83,,us_treasury,2026-09-09T19:58:49+00:00
2026-09-10,9412.SR,9.55,9.57,9.54,9.55,9.55,511,yahoo,2026-09-10T08:05:34+00:00
2026-09-10,9413.SR,10.39,10.39,10.18,10.24,10.24,991,yahoo,2026-09-10T08:05:34+00:00
2026-09-10,9400.SR,48.12,49.02,48.12,49.02,49.02,63,yahoo,2026-09-10T08:05:34+00:00
2026-09-10,9402.SR,45.08,45.1,45.08,45.08,45.08,4,yahoo,2026-09-10T08:05:34+00:00
2026-09-10,9403.SR,8.32,8.32,8.32,8.32,8.32,24,yahoo,2026-09-10T08:05:34+00:00
2026-09-10,9404.SR,10.41,10.41,10.36,10.36,10.36,2014,yahoo,2026-09-10T08:05:34+00:00
2026-09-10,9408.SR,8.11,8.11,8.1,8.1,8.1,621,yahoo,2026-09-10T08:05:34+00:00
2026-09-10,^TASI.SR,11003.8799,11059.4697,11003.8799,11041.6904,11041.6904,42574847,yahoo,2026-09-10T08:05:34+00:00
2026-09-10,2222.SR,26.02,26.16,26.02,26.08,26.08,692060,yahoo,2026-09-10T08:05:34+00:00
2026-09-10,1120.SR,66.1,67.05,66.1,66.5,66.5,1983199,yahoo,2026-09-10T08:05:34+00:00
2026-09-10,7010.SR,43.76,43.98,43.66,43.94,43.94,356433,yahoo,2026-09-10T08:05:34+00:00
2026-09-10,4013.SR,232.9,233.1,232.3,233.1,233.1,3432,yahoo,2026-09-10T08:05:34+00:00
2026-09-10,2280.SR,47.7,47.78,47.48,47.54,47.54,26122,yahoo,2026-09-10T08:05:34+00:00
2026-09-10,4190.SR,16.45,16.45,16.24,16.25,16.25,151223,yahoo,2026-09-10T08:05:34+00:00
2026-09-10,SAR=X,3.7536,3.7549,3.7536,3.7547,3.7547,0,yahoo,2026-09-10T08:05:34+00:00
2026-09-10,BZ=F,101.8,102.57,100.19,101.31,101.31,5624,yahoo,2026-09-10T08:05:34+00:00
2026-09-10,CL=F,96.88,97.79,95.37,96.3,96.3,42402,yahoo,2026-09-10T08:05:34+00:00
2026-09-10,VTI,373.095,374.54,372.7501,373.62,373.62,1650797,yahoo,2026-09-10T16:42:05+00:00
2026-09-10,ITOT,165.92,166.32,165.535,165.88,165.88,1218431,yahoo,2026-09-10T16:42:05+00:00
2026-09-10,VOO,696.78,698.6,695.5421,697.1625,697.1625,2654623,yahoo,2026-09-10T16:42:05+00:00
2026-09-10,IVV,761.61,763.73,760.3,762.22,762.22,1737586,yahoo,2026-09-10T16:42:05+00:00
2026-09-10,SPYM,89.23,89.465,89.0724,89.285,89.285,4117858,yahoo,2026-09-10T16:42:05+00:00
2026-09-10,SCHB,29.24,29.31,29.18,29.2501,29.2501,3300705,yahoo,2026-09-10T16:42:05+00:00
2026-09-10,SGOV,100.49,100.5,100.49,100.4901,100.4901,9840746,yahoo,2026-09-10T16:42:05+00:00
2026-09-10,BIL,91.47,91.48,91.47,91.475,91.475,2739755,yahoo,2026-09-10T16:42:05+00:00
2026-09-10,USFR,50.425,50.43,50.42,50.425,50.425,1962851,yahoo,2026-09-10T16:42:05+00:00
2026-09-10,SHV,110.14,110.14,110.13,110.135,110.135,2343146,yahoo,2026-09-10T16:42:05+00:00
2026-09-10,KSA,38.24,38.29,38.17,38.23,38.23,199772,yahoo,2026-09-10T16:42:05+00:00
2026-09-10,^TNX,4.881,4.928,4.879,4.924,4.924,0,yahoo,2026-09-10T16:42:05+00:00
2026-09-10,^IRX,3.807,3.843,3.803,3.843,3.843,0,yahoo,2026-09-10T16:42:05+00:00
2026-09-10,MSFT,488.32,493.46,486.0,492.75,492.75,5794806,yahoo,2026-09-10T16:42:05+00:00
2026-09-10,V,366.4,367.98,365.52,367.62,367.62,1485629,yahoo,2026-09-10T16:42:05+00:00
2026-09-10,ISRG,348.2,361.49,345.25,361.184,361.184,1661848,yahoo,2026-09-10T16:42:05+00:00
2026-09-10,COST,906.28,912.09,901.24,903.6999,903.6999,733672,yahoo,2026-09-10T16:42:05+00:00
2026-09-10,NVDA,220.485,220.99,217.2,218.221,218.221,55387009,yahoo,2026-09-10T16:42:05+00:00
2026-09-10,LLY,1126.08,1133.79,1121.0699,1126.4275,1126.4275,810810,yahoo,2026-09-10T16:42:05+00:00
2026-09-10,UST3M,,,,4.00,4.00,,us_treasury,2026-09-10T22:25:15+00:00
2026-09-10,UST2Y,,,,4.56,4.56,,us_treasury,2026-09-10T22:25:15+00:00
2026-09-10,UST10Y,,,,4.95,4.95,,us_treasury,2026-09-10T22:25:15+00:00
2026-09-11,SAR=X,3.755,3.755,3.7535,3.7548,3.7548,0,yahoo,2026-09-11T08:00:57+00:00
2026-09-11,BZ=F,109.16,110.19,105.05,105.95,105.95,14329,yahoo,2026-09-11T08:00:57+00:00
2026-09-11,CL=F,104.32,104.46,100.37,101.13,101.13,88099,yahoo,2026-09-11T08:00:57+00:00
2026-09-11,VTI,376.51,377.295,375.93,376.9001,376.9001,1491541,yahoo,2026-09-11T16:46:25+00:00
2026-09-11,ITOT,167.23,167.55,166.99,167.3599,167.3599,523104,yahoo,2026-09-11T16:46:25+00:00
2026-09-11,VOO,703.0,704.4954,701.93,703.71,703.71,2904296,yahoo,2026-09-11T16:46:25+00:00
2026-09-11,IVV,768.4,770.0,767.32,769.21,769.21,1173685,yahoo,2026-09-11T16:46:25+00:00
2026-09-11,SPYM,89.78,89.97,89.66,89.8797,89.8797,3600916,yahoo,2026-09-11T16:46:25+00:00
2026-09-11,SCHB,29.49,29.545,29.435,29.51,29.51,2977630,yahoo,2026-09-11T16:46:25+00:00
2026-09-11,SGOV,100.515,100.52,100.51,100.5158,100.5158,11270999,yahoo,2026-09-11T16:46:25+00:00
2026-09-11,BIL,91.499,91.5,91.49,91.5,91.5,9308912,yahoo,2026-09-11T16:46:25+00:00
2026-09-11,USFR,50.44,50.45,50.43,50.4461,50.4461,8186082,yahoo,2026-09-11T16:46:25+00:00
2026-09-11,SHV,110.15,110.16,110.15,110.1501,110.1501,1084162,yahoo,2026-09-11T16:46:25+00:00
2026-09-11,KSA,38.28,38.375,38.23,38.255,38.255,206588,yahoo,2026-09-11T16:46:25+00:00
2026-09-11,^TNX,4.955,4.985,4.904,4.955,4.955,0,yahoo,2026-09-11T16:46:25+00:00
2026-09-11,^IRX,3.84,3.903,3.83,3.903,3.903,0,yahoo,2026-09-11T16:46:25+00:00
2026-09-11,MSFT,495.625,498.97,492.58,495.64,495.64,6790892,yahoo,2026-09-11T16:46:25+00:00
2026-09-11,V,368.92,371.74,367.98,370.465,370.465,1173640,yahoo,2026-09-11T16:46:25+00:00
2026-09-11,ISRG,363.56,374.48,363.56,368.525,368.525,1150333,yahoo,2026-09-11T16:46:25+00:00
2026-09-11,COST,905.43,907.3588,900.75,904.3501,904.3501,549120,yahoo,2026-09-11T16:46:25+00:00
2026-09-11,NVDA,221.25,222.0,218.65,219.1734,219.1734,48509648,yahoo,2026-09-11T16:46:25+00:00
2026-09-11,LLY,1129.405,1131.4399,1115.74,1124.6,1124.6,545529,yahoo,2026-09-11T16:46:25+00:00
2026-09-11,UST3M,,,,4.07,4.07,,us_treasury,2026-09-11T22:24:51+00:00
2026-09-11,UST2Y,,,,4.63,4.63,,us_treasury,2026-09-11T22:24:51+00:00
2026-09-11,UST10Y,,,,4.96,4.96,,us_treasury,2026-09-11T22:24:51+00:00
2026-09-12,SAR=X,3.7555,3.7555,3.7555,3.7555,3.7555,0,yahoo,2026-09-12T07:53:15+00:00
2026-09-13,9412.SR,9.52,9.52,9.47,9.49,9.49,1027,yahoo,2026-09-13T08:16:08+00:00
2026-09-13,9413.SR,10.22,10.22,10.11,10.12,10.12,1459,yahoo,2026-09-13T08:16:08+00:00
2026-09-13,9400.SR,49.18,49.22,49.1,49.1,49.1,2386,yahoo,2026-09-13T08:16:08+00:00
2026-09-13,9402.SR,44.98,45.16,44.98,45.14,45.14,299,yahoo,2026-09-13T08:16:08+00:00
2026-09-13,9403.SR,8.32,8.33,8.32,8.32,8.32,452,yahoo,2026-09-13T08:16:08+00:00
2026-09-13,9404.SR,10.41,10.41,10.31,10.32,10.32,3017,yahoo,2026-09-13T08:16:08+00:00
2026-09-13,9408.SR,8.13,8.13,8.12,8.13,8.13,154,yahoo,2026-09-13T08:16:08+00:00
2026-09-13,^TASI.SR,10957.5996,10957.5996,10892.8096,10896.6396,10896.6396,70958191,yahoo,2026-09-13T08:16:08+00:00
2026-09-13,2222.SR,26.08,26.08,25.82,25.88,25.88,3169187,yahoo,2026-09-13T08:16:08+00:00
2026-09-13,1120.SR,65.8,65.8,65.3,65.55,65.55,1584230,yahoo,2026-09-13T08:16:08+00:00
2026-09-13,7010.SR,43.86,43.88,43.68,43.68,43.68,220219,yahoo,2026-09-13T08:16:08+00:00
2026-09-13,4013.SR,231.7,232.0,230.0,230.1,230.1,28492,yahoo,2026-09-13T08:16:08+00:00
2026-09-13,2280.SR,47.7,47.78,47.56,47.62,47.62,173697,yahoo,2026-09-13T08:16:08+00:00
2026-09-13,4190.SR,16.2,16.29,16.16,16.19,16.19,220173,yahoo,2026-09-13T08:16:08+00:00
2026-09-14,9412.SR,9.45,9.45,9.43,9.43,9.43,373,yahoo,2026-09-14T08:51:37+00:00
2026-09-14,9413.SR,10.11,10.12,10.08,10.08,10.08,1293,yahoo,2026-09-14T08:51:37+00:00
2026-09-14,9400.SR,48.22,49.1,48.22,48.9,48.9,1048,yahoo,2026-09-14T08:51:37+00:00
2026-09-14,9402.SR,45.08,45.08,44.52,44.52,44.52,3,yahoo,2026-09-14T08:51:37+00:00
2026-09-14,9403.SR,8.32,8.32,8.31,8.32,8.32,374,yahoo,2026-09-14T08:51:37+00:00
2026-09-14,9404.SR,10.3,10.3,10.2,10.2,10.2,661,yahoo,2026-09-14T08:51:37+00:00
2026-09-14,9408.SR,8.09,8.09,8.07,8.07,8.07,925,yahoo,2026-09-14T08:51:37+00:00
2026-09-14,^TASI.SR,10862.5195,10906.2305,10838.7803,10873.75,10873.75,66661615,yahoo,2026-09-14T08:51:37+00:00
2026-09-14,2222.SR,25.7,25.82,25.52,25.62,25.62,2828004,yahoo,2026-09-14T08:51:37+00:00
2026-09-14,1120.SR,65.45,66.0,65.4,65.95,65.95,2652769,yahoo,2026-09-14T08:51:37+00:00
2026-09-14,7010.SR,43.74,43.82,43.64,43.82,43.82,420213,yahoo,2026-09-14T08:51:37+00:00
2026-09-14,4013.SR,230.3,231.6,230.0,230.6,230.6,8845,yahoo,2026-09-14T08:51:37+00:00
2026-09-14,2280.SR,47.18,47.28,46.76,47.28,47.28,190425,yahoo,2026-09-14T08:51:37+00:00
2026-09-14,4190.SR,16.29,16.36,16.16,16.2,16.2,392830,yahoo,2026-09-14T08:51:37+00:00
2026-09-14,SAR=X,3.7555,3.7556,3.754,3.7556,3.7556,0,yahoo,2026-09-14T08:51:37+00:00
2026-09-14,BZ=F,106.89,108.64,106.03,107.91,107.91,14240,yahoo,2026-09-14T08:51:37+00:00
2026-09-14,CL=F,102.25,103.8,101.59,103.1,103.1,73081,yahoo,2026-09-14T08:51:37+00:00
2026-09-14,VTI,373.97,376.055,373.28,375.351,375.351,2098258,yahoo,2026-09-14T18:12:34+00:00
2026-09-14,ITOT,166.08,166.99,165.765,166.69,166.69,777963,yahoo,2026-09-14T18:12:34+00:00
2026-09-14,VOO,697.78,701.85,696.73,700.7,700.7,3844943,yahoo,2026-09-14T18:12:34+00:00
2026-09-14,IVV,762.64,767.15,761.58,765.9299,765.9299,2320187,yahoo,2026-09-14T18:12:34+00:00
2026-09-14,SPYM,89.12,89.6399,88.9801,89.49,89.49,7421514,yahoo,2026-09-14T18:12:34+00:00
2026-09-14,SCHB,29.25,29.4376,29.225,29.3888,29.3888,6548349,yahoo,2026-09-14T18:12:34+00:00
2026-09-14,SGOV,100.52,100.53,100.52,100.52,100.52,16098216,yahoo,2026-09-14T18:12:34+00:00
2026-09-14,BIL,91.5,91.51,91.49,91.495,91.495,8954997,yahoo,2026-09-14T18:12:34+00:00
2026-09-14,USFR,50.46,50.46,50.45,50.4557,50.4557,4066734,yahoo,2026-09-14T18:12:34+00:00
2026-09-14,SHV,110.15,110.16,110.15,110.15,110.15,1633543,yahoo,2026-09-14T18:12:34+00:00
2026-09-14,KSA,37.84,37.885,37.715,37.795,37.795,466072,yahoo,2026-09-14T18:12:34+00:00
2026-09-14,^TNX,4.979,5.012,4.934,4.951,4.951,0,yahoo,2026-09-14T18:12:34+00:00
2026-09-14,^IRX,3.908,3.935,3.908,3.932,3.932,0,yahoo,2026-09-14T18:12:34+00:00
2026-09-14,MSFT,497.5,509.93,495.3416,509.16,509.16,13605762,yahoo,2026-09-14T18:12:34+00:00
2026-09-14,V,375.07,377.17,373.99,375.88,375.88,2402984,yahoo,2026-09-14T18:12:34+00:00
2026-09-14,ISRG,373.85,378.0,372.15,375.58,375.58,1261103,yahoo,2026-09-14T18:12:34+00:00
2026-09-14,COST,913.645,921.64,910.79,917.235,917.235,956846,yahoo,2026-09-14T18:12:34+00:00
2026-09-14,NVDA,211.08,212.77,208.93,212.44,212.44,84567680,yahoo,2026-09-14T18:12:34+00:00
2026-09-14,LLY,1142.2,1153.45,1130.5001,1141.51,1141.51,1182020,yahoo,2026-09-14T18:12:34+00:00
2026-09-14,UST3M,,,,4.11,4.11,,us_treasury,2026-09-14T22:24:15+00:00
2026-09-14,UST2Y,,,,4.65,4.65,,us_treasury,2026-09-14T22:24:15+00:00
2026-09-14,UST10Y,,,,4.97,4.97,,us_treasury,2026-09-14T22:24:15+00:00
2026-09-15,9412.SR,9.45,9.45,9.4,9.4,9.4,3525,yahoo,2026-09-15T08:38:24+00:00
2026-09-15,9413.SR,10.12,10.12,10.03,10.03,10.03,3931,yahoo,2026-09-15T08:38:24+00:00
2026-09-15,9400.SR,49.16,49.16,49.08,49.08,49.08,47,yahoo,2026-09-15T08:38:24+00:00
2026-09-15,9402.SR,43.12,44.96,43.12,44.4,44.4,291,yahoo,2026-09-15T08:38:24+00:00
2026-09-15,9403.SR,8.32,8.32,8.3,8.31,8.31,614,yahoo,2026-09-15T08:38:24+00:00
2026-09-15,9404.SR,10.16,10.18,10.15,10.18,10.18,2250,yahoo,2026-09-15T08:38:24+00:00
2026-09-15,9408.SR,8.07,8.07,7.96,7.97,7.97,50,yahoo,2026-09-15T08:38:24+00:00
2026-09-15,^TASI.SR,10872.54,10878.2998,10782.79,10813.0498,10813.0498,80451511,yahoo,2026-09-15T08:38:24+00:00
2026-09-15,2222.SR,25.64,25.8,25.54,25.6,25.6,4195345,yahoo,2026-09-15T08:38:24+00:00
2026-09-15,1120.SR,66.5,66.65,65.85,66.3,66.3,2673801,yahoo,2026-09-15T08:38:24+00:00
2026-09-15,7010.SR,43.86,43.86,43.6,43.74,43.74,636277,yahoo,2026-09-15T08:38:24+00:00
2026-09-15,4013.SR,231.3,231.5,229.2,230.8,230.8,49982,yahoo,2026-09-15T08:38:24+00:00
2026-09-15,2280.SR,46.9,46.9,45.82,46.32,46.32,384216,yahoo,2026-09-15T08:38:24+00:00
2026-09-15,4190.SR,16.35,16.35,16.11,16.2,16.2,450231,yahoo,2026-09-15T08:38:24+00:00
2026-09-15,SAR=X,3.7555,3.7562,3.7553,3.7562,3.7562,0,yahoo,2026-09-15T08:38:24+00:00
2026-09-15,BZ=F,106.31,103.06,101.21,102.71,102.71,6104,yahoo,2026-09-15T08:38:24+00:00
2026-09-15,CL=F,102.01,103.96,101.83,103.46,103.46,41627,yahoo,2026-09-15T08:38:24+00:00
2026-09-15,VTI,374.29,374.67,372.2041,372.7,372.7,1932560,yahoo,2026-09-15T17:18:18+00:00
2026-09-15,ITOT,165.74,165.89,164.83,165.05,165.05,785633,yahoo,2026-09-15T17:18:18+00:00
2026-09-15,VOO,698.77,698.94,695.09,695.8095,695.8095,3579736,yahoo,2026-09-15T17:18:18+00:00
2026-09-15,IVV,761.58,761.76,757.59,758.33,758.33,1817111,yahoo,2026-09-15T17:18:18+00:00
2026-09-15,SPYM,89.25,89.265,88.775,88.8587,88.8587,5789716,yahoo,2026-09-15T17:18:18+00:00
2026-09-15,SCHB,29.32,29.32,29.1438,29.185,29.185,3840943,yahoo,2026-09-15T17:18:18+00:00
2026-09-15,SGOV,100.53,100.54,100.53,100.535,100.535,12391667,yahoo,2026-09-15T17:18:18+00:00
2026-09-15,BIL,91.51,91.51,91.5,91.505,91.505,3991416,yahoo,2026-09-15T17:18:18+00:00
2026-09-15,USFR,50.46,50.47,50.46,50.465,50.465,2952039,yahoo,2026-09-15T17:18:18+00:00
2026-09-15,SHV,110.17,110.17,110.15,110.165,110.165,1880583,yahoo,2026-09-15T17:18:18+00:00
2026-09-15,KSA,37.46,37.465,37.205,37.38,37.38,462772,yahoo,2026-09-15T17:18:18+00:00
2026-09-15,^TNX,5.01,5.014,4.987,5.01,5.01,0,yahoo,2026-09-15T17:18:18+00:00
2026-09-15,^IRX,3.953,3.96,3.953,3.96,3.96,0,yahoo,2026-09-15T17:18:18+00:00
2026-09-15,MSFT,500.002,505.9,498.2,499.715,499.715,7413896,yahoo,2026-09-15T17:18:18+00:00
2026-09-15,V,374.815,376.085,372.8201,374.88,374.88,1877939,yahoo,2026-09-15T17:18:18+00:00
2026-09-15,ISRG,374.1619,379.105,368.8501,377.59,377.59,767562,yahoo,2026-09-15T17:18:18+00:00
2026-09-15,COST,916.92,916.92,905.03,908.14,908.14,721882,yahoo,2026-09-15T17:18:18+00:00
2026-09-15,NVDA,213.09,213.94,211.27,211.465,211.465,47636067,yahoo,2026-09-15T17:18:18+00:00
2026-09-15,LLY,1156.63,1161.0,1140.615,1141.745,1141.745,821187,yahoo,2026-09-15T17:18:18+00:00
2026-09-15,UST3M,,,,4.11,4.11,,us_treasury,2026-09-15T21:09:28+00:00
2026-09-15,UST2Y,,,,4.67,4.67,,us_treasury,2026-09-15T21:09:28+00:00
2026-09-15,UST10Y,,,,5.00,5.00,,us_treasury,2026-09-15T21:09:28+00:00
2026-09-16,9412.SR,9.31,9.38,9.31,9.38,9.38,135,yahoo,2026-09-16T08:32:38+00:00
2026-09-16,9413.SR,10.02,10.03,10.01,10.01,10.01,3706,yahoo,2026-09-16T08:32:38+00:00
2026-09-16,9400.SR,48.92,48.92,48.82,48.82,48.82,72,yahoo,2026-09-16T08:32:38+00:00
2026-09-16,9402.SR,44.88,44.88,44.5,44.84,44.84,137,yahoo,2026-09-16T08:32:38+00:00
2026-09-16,9403.SR,8.33,8.35,8.33,8.33,8.33,1228,yahoo,2026-09-16T08:32:38+00:00
2026-09-16,9404.SR,10.15,10.5,10.15,10.21,10.21,4570,yahoo,2026-09-16T08:32:38+00:00
2026-09-16,9408.SR,7.91,7.98,7.91,7.98,7.98,2220,yahoo,2026-09-16T08:32:38+00:00
2026-09-16,^TASI.SR,10782.3896,10820.9004,10758.7197,10768.8799,10768.8799,48033951,yahoo,2026-09-16T08:32:38+00:00
2026-09-16,2222.SR,25.52,25.68,25.46,25.54,25.54,1376713,yahoo,2026-09-16T08:32:38+00:00
2026-09-16,1120.SR,66.25,66.5,66.0,66.2,66.2,1027883,yahoo,2026-09-16T08:32:38+00:00
2026-09-16,7010.SR,43.62,43.78,43.54,43.54,43.54,426657,yahoo,2026-09-16T08:32:38+00:00
2026-09-16,4013.SR,231.0,231.0,229.6,230.4,230.4,13046,yahoo,2026-09-16T08:32:38+00:00
2026-09-16,2280.SR,46.98,46.98,45.88,46.0,46.0,167445,yahoo,2026-09-16T08:32:38+00:00
2026-09-16,4190.SR,16.04,16.15,15.91,16.0,16.0,555711,yahoo,2026-09-16T08:32:38+00:00
2026-09-16,SAR=X,3.755,3.7565,3.755,3.756,3.756,0,yahoo,2026-09-16T08:32:38+00:00
2026-09-16,BZ=F,108.55,108.59,107.18,107.78,107.78,6563,yahoo,2026-09-16T08:32:38+00:00
2026-09-16,CL=F,105.48,105.63,103.76,104.29,104.29,41763,yahoo,2026-09-16T08:32:38+00:00
2026-09-16,VTI,373.79,374.975,373.525,374.1299,374.1299,1355902,yahoo,2026-09-16T17:17:52+00:00
2026-09-16,ITOT,165.53,166.07,165.44,165.695,165.695,424154,yahoo,2026-09-16T17:17:52+00:00
2026-09-16,VOO,698.17,700.1,697.455,698.39,698.39,2516742,yahoo,2026-09-16T17:17:52+00:00
2026-09-16,IVV,760.92,763.01,760.16,761.195,761.195,1321064,yahoo,2026-09-16T17:17:52+00:00
2026-09-16,SPYM,89.17,89.41,89.07,89.195,89.195,5561951,yahoo,2026-09-16T17:17:52+00:00
2026-09-16,SCHB,29.26,29.36,29.24,29.29,29.29,3534680,yahoo,2026-09-16T17:17:52+00:00
2026-09-16,SGOV,100.54,100.55,100.54,100.545,100.545,10058307,yahoo,2026-09-16T17:17:52+00:00
2026-09-16,BIL,91.52,91.52,91.51,91.52,91.52,3743905,yahoo,2026-09-16T17:17:52+00:00
2026-09-16,USFR,50.47,50.48,50.47,50.48,50.48,2468617,yahoo,2026-09-16T17:17:52+00:00
2026-09-16,SHV,110.18,110.18,110.17,110.18,110.18,1239742,yahoo,2026-09-16T17:17:52+00:00
2026-09-16,KSA,37.44,37.415,37.35,37.38,37.38,166092,yahoo,2026-09-16T17:17:52+00:00
2026-09-16,^TNX,4.979,4.988,4.947,4.955,4.955,0,yahoo,2026-09-16T17:17:52+00:00
2026-09-16,^IRX,3.95,3.95,3.94,3.94,3.94,0,yahoo,2026-09-16T17:17:52+00:00
2026-09-16,MSFT,493.17,495.92,491.13,493.6,493.6,6336579,yahoo,2026-09-16T17:17:52+00:00
2026-09-16,V,374.96,376.4746,370.39,371.525,371.525,2259851,yahoo,2026-09-16T17:17:52+00:00
2026-09-16,ISRG,378.02,387.29,377.16,383.755,383.755,846433,yahoo,2026-09-16T17:17:52+00:00
2026-09-16,COST,901.05,902.0,895.87,900.205,900.205,738837,yahoo,2026-09-16T17:17:52+00:00
2026-09-16,NVDA,214.14,216.76,213.31,215.555,215.555,44028927,yahoo,2026-09-16T17:17:52+00:00
2026-09-16,LLY,1137.3101,1151.23,1134.72,1140.4602,1140.4602,571521,yahoo,2026-09-16T17:17:52+00:00
2026-09-16,UST3M,,,,4.14,4.14,,us_treasury,2026-09-16T21:10:46+00:00
2026-09-16,UST2Y,,,,4.74,4.74,,us_treasury,2026-09-16T21:10:46+00:00
2026-09-16,UST10Y,,,,5.01,5.01,,us_treasury,2026-09-16T21:10:46+00:00
2026-09-17,9412.SR,9.36,9.38,9.36,9.38,9.38,629,yahoo,2026-09-17T08:37:04+00:00
2026-09-17,9413.SR,10.01,10.02,9.9,10.0,10.0,5737,yahoo,2026-09-17T08:37:04+00:00
2026-09-17,9400.SR,49.44,49.44,49.0,49.4,49.4,85,yahoo,2026-09-17T08:37:04+00:00
2026-09-17,9402.SR,44.0,44.14,44.0,44.14,44.14,5,yahoo,2026-09-17T08:37:04+00:00
2026-09-17,9403.SR,8.3,8.34,8.3,8.34,8.34,191,yahoo,2026-09-17T08:37:04+00:00
2026-09-17,9404.SR,10.21,10.23,10.13,10.14,10.14,1340,yahoo,2026-09-17T08:37:04+00:00
2026-09-17,9408.SR,7.92,7.93,7.92,7.93,7.93,220,yahoo,2026-09-17T08:37:04+00:00
2026-09-17,^TASI.SR,10765.6201,10808.0,10760.4199,10786.3301,10786.3301,49991916,yahoo,2026-09-17T08:37:04+00:00
2026-09-17,2222.SR,25.62,25.7,25.58,25.68,25.68,1496714,yahoo,2026-09-17T08:37:04+00:00
2026-09-17,1120.SR,65.75,66.1,65.75,66.05,66.05,1116611,yahoo,2026-09-17T08:37:04+00:00
2026-09-17,7010.SR,43.62,43.76,43.62,43.74,43.74,202216,yahoo,2026-09-17T08:37:04+00:00
2026-09-17,4013.SR,230.4,231.9,227.0,227.4,227.4,132516,yahoo,2026-09-17T08:37:04+00:00
2026-09-17,2280.SR,45.1,45.96,45.08,45.68,45.68,580701,yahoo,2026-09-17T08:37:04+00:00
2026-09-17,4190.SR,15.92,16.06,15.89,15.98,15.98,284239,yahoo,2026-09-17T08:37:04+00:00
2026-09-17,SAR=X,3.756,3.7567,3.7547,3.7563,3.7563,0,yahoo,2026-09-17T08:37:04+00:00
2026-09-17,BZ=F,105.31,106.0,103.63,104.48,104.48,8838,yahoo,2026-09-17T08:37:04+00:00
2026-09-17,CL=F,102.18,102.47,100.39,101.47,101.47,41709,yahoo,2026-09-17T08:37:04+00:00
2026-09-17,VTI,375.79,375.99,374.17,375.2099,375.2099,1412370,yahoo,2026-09-17T17:17:28+00:00
2026-09-17,ITOT,166.47,166.47,165.765,166.205,166.205,574258,yahoo,2026-09-17T17:17:28+00:00
2026-09-17,VOO,701.6,701.75,698.61,700.7101,700.7101,2807996,yahoo,2026-09-17T17:17:28+00:00
2026-09-17,IVV,764.62,764.84,761.49,763.75,763.75,1999517,yahoo,2026-09-17T17:17:28+00:00
2026-09-17,SPYM,89.6,89.62,89.225,89.4801,89.4801,3609763,yahoo,2026-09-17T17:17:28+00:00
2026-09-17,SCHB,29.42,29.45,29.3,29.3857,29.3857,3643969,yahoo,2026-09-17T17:17:28+00:00
2026-09-17,SGOV,100.56,100.56,100.55,100.5539,100.5539,12259096,yahoo,2026-09-17T17:17:28+00:00
2026-09-17,BIL,91.53,91.53,91.52,91.525,91.525,7083825,yahoo,2026-09-17T17:17:28+00:00
2026-09-17,USFR,50.49,50.49,50.47,50.48,50.48,3714020,yahoo,2026-09-17T17:17:28+00:00
2026-09-17,SHV,110.175,110.18,110.17,110.175,110.175,1155425,yahoo,2026-09-17T17:17:28+00:00
2026-09-17,KSA,37.49,37.59,37.415,37.555,37.555,354872,yahoo,2026-09-17T17:17:28+00:00
2026-09-17,^TNX,4.953,4.963,4.941,4.955,4.955,0,yahoo,2026-09-17T17:17:28+00:00
2026-09-17,^IRX,3.957,3.965,3.957,3.965,3.965,0,yahoo,2026-09-17T17:17:28+00:00
2026-09-17,MSFT,497.795,501.47,493.275,494.98,494.98,7364425,yahoo,2026-09-17T17:17:28+00:00
2026-09-17,V,371.375,372.27,368.39,371.13,371.13,1584875,yahoo,2026-09-17T17:17:28+00:00
2026-09-17,ISRG,385.01,385.927,378.2801,385.927,385.927,851398,yahoo,2026-09-17T17:17:28+00:00
2026-09-17,COST,895.315,895.9999,888.06,891.985,891.985,887967,yahoo,2026-09-17T17:17:28+00:00
2026-09-17,NVDA,218.388,219.87,217.145,218.87,218.87,50338912,yahoo,2026-09-17T17:17:28+00:00
2026-09-17,LLY,1150.27,1159.75,1138.26,1143.85,1143.85,639212,yahoo,2026-09-17T17:17:28+00:00
2026-09-17,UST3M,,,,4.12,4.12,,us_treasury,2026-09-17T21:12:59+00:00
2026-09-17,UST2Y,,,,4.67,4.67,,us_treasury,2026-09-17T21:12:59+00:00
2026-09-17,UST10Y,,,,4.94,4.94,,us_treasury,2026-09-17T21:12:59+00:00
2026-09-18,SAR=X,3.7563,3.7564,3.7553,3.7564,3.7564,0,yahoo,2026-09-18T08:12:32+00:00
2026-09-18,BZ=F,104.09,99.62,97.81,98.38,98.38,5911,yahoo,2026-09-18T08:12:32+00:00
2026-09-18,CL=F,101.06,96.84,94.83,95.44,95.44,43975,yahoo,2026-09-18T08:12:32+00:00
2026-09-18,VTI,375.94,375.94,373.7537,374.365,374.365,1236241,yahoo,2026-09-18T16:44:46+00:00
2026-09-18,ITOT,166.45,166.45,165.56,165.805,165.805,620572,yahoo,2026-09-18T16:44:46+00:00
2026-09-18,VOO,701.58,702.07,698.5,699.6899,699.6899,5466463,yahoo,2026-09-18T16:44:46+00:00
2026-09-18,IVV,764.74,765.13,761.305,762.59,762.59,2213208,yahoo,2026-09-18T16:44:46+00:00
2026-09-18,SPYM,89.63,89.66,89.205,89.3499,89.3499,3288585,yahoo,2026-09-18T16:44:46+00:00
2026-09-18,SCHB,29.42,29.43,29.265,29.3099,29.3099,3046374,yahoo,2026-09-18T16:44:46+00:00
2026-09-18,SGOV,100.59,100.59,100.58,100.58,100.58,9572849,yahoo,2026-09-18T16:44:46+00:00
2026-09-18,BIL,91.56,91.56,91.55,91.555,91.555,4812172,yahoo,2026-09-18T16:44:46+00:00
2026-09-18,USFR,50.49,50.5,50.49,50.49,50.49,4635697,yahoo,2026-09-18T16:44:46+00:00
2026-09-18,SHV,110.21,110.22,110.21,110.2199,110.2199,1278237,yahoo,2026-09-18T16:44:46+00:00
2026-09-18,KSA,37.49,37.47,37.315,37.335,37.335,147417,yahoo,2026-09-18T16:44:46+00:00
2026-09-07,2222.SR,26.0,26.1,25.96,25.96,25.96,4684461,yahoo,2026-09-18T16:44:46+00:00
2026-09-07,1120.SR,66.95,67.2,66.5,66.5,66.5,6085544,yahoo,2026-09-18T16:44:46+00:00
2026-09-07,7010.SR,44.1,44.1,43.8,43.82,43.82,1529073,yahoo,2026-09-18T16:44:46+00:00
2026-09-07,4013.SR,232.4,233.3,231.0,231.5,231.5,51347,yahoo,2026-09-18T16:44:46+00:00
2026-09-07,2280.SR,47.5,47.6,46.6,46.92,46.92,706402,yahoo,2026-09-18T16:44:46+00:00
2026-09-07,4190.SR,16.4,16.4,16.21,16.29,16.29,832789,yahoo,2026-09-18T16:44:46+00:00
2026-09-18,^TNX,4.98,5.008,4.971,4.996,4.996,0,yahoo,2026-09-18T16:44:46+00:00
2026-09-18,^IRX,3.965,3.982,3.965,3.982,3.982,0,yahoo,2026-09-18T16:44:46+00:00
2026-09-18,MSFT,497.47,498.65,491.1,493.63,493.63,11089672,yahoo,2026-09-18T16:44:46+00:00
2026-09-18,V,368.56,370.39,367.09,369.82,369.82,2475362,yahoo,2026-09-18T16:44:46+00:00
2026-09-18,ISRG,381.84,394.53,379.5,391.7,391.7,1677581,yahoo,2026-09-18T16:44:46+00:00
2026-09-18,COST,892.425,897.76,890.9575,897.21,897.21,1162390,yahoo,2026-09-18T16:44:46+00:00
2026-09-18,NVDA,219.36,220.89,218.04,219.5598,219.5598,56419142,yahoo,2026-09-18T16:44:46+00:00
2026-09-18,LLY,1150.0,1157.6,1140.3,1142.8051,1142.8051,1067793,yahoo,2026-09-18T16:44:46+00:00
2026-09-18,UST3M,,,,4.14,4.14,,us_treasury,2026-09-18T19:54:14+00:00
2026-09-18,UST2Y,,,,4.76,4.76,,us_treasury,2026-09-18T19:54:14+00:00
2026-09-18,UST10Y,,,,5.01,5.01,,us_treasury,2026-09-18T19:54:14+00:00
2026-09-20,9412.SR,9.41,9.41,9.37,9.37,9.37,2786,yahoo,2026-09-20T08:32:25+00:00
2026-09-20,9413.SR,10.09,10.09,9.97,10.0,10.0,3808,yahoo,2026-09-20T08:32:25+00:00
2026-09-20,9400.SR,49.22,49.22,48.78,48.78,48.78,1027,yahoo,2026-09-20T08:32:25+00:00
2026-09-20,9402.SR,43.52,44.08,43.52,43.86,43.86,4702,yahoo,2026-09-20T08:32:25+00:00
2026-09-20,9403.SR,8.3,8.33,8.28,8.31,8.31,30368,yahoo,2026-09-20T08:32:25+00:00
2026-09-20,9404.SR,10.2,10.46,10.2,10.39,10.39,2150,yahoo,2026-09-20T08:32:25+00:00
2026-09-20,9408.SR,8.04,8.04,7.96,7.97,7.97,2880,yahoo,2026-09-20T08:32:25+00:00
2026-09-20,^TASI.SR,10756.0801,10764.3398,10698.6904,10729.1504,10729.1504,47697971,yahoo,2026-09-20T08:32:25+00:00
2026-09-20,2222.SR,25.56,25.56,25.36,25.44,25.44,1414623,yahoo,2026-09-20T08:32:25+00:00
2026-09-20,1120.SR,66.0,66.2,65.8,66.05,66.05,1570576,yahoo,2026-09-20T08:32:25+00:00
2026-09-20,7010.SR,43.64,43.8,43.5,43.66,43.66,407737,yahoo,2026-09-20T08:32:25+00:00
2026-09-20,4013.SR,228.8,229.7,225.9,227.4,227.4,26313,yahoo,2026-09-20T08:32:25+00:00
2026-09-20,2280.SR,45.34,45.66,45.1,45.44,45.44,43690,yahoo,2026-09-20T08:32:25+00:00
2026-09-20,4190.SR,16.44,16.58,16.39,16.54,16.54,402800,yahoo,2026-09-20T08:32:25+00:00
2026-09-20,SAR=X,3.7562,3.7562,3.7562,3.7562,3.7562,0,yahoo,2026-09-20T16:30:44+00:00
2026-09-21,9412.SR,9.8,9.8,9.37,9.39,9.39,516,yahoo,2026-09-21T08:53:04+00:00
2026-09-21,9413.SR,10.0,10.03,9.99,10.01,10.01,9628,yahoo,2026-09-21T08:53:04+00:00
2026-09-21,9400.SR,48.82,48.82,48.8,48.82,48.82,17,yahoo,2026-09-21T08:53:04+00:00
2026-09-21,9402.SR,43.02,43.54,43.02,43.54,43.54,3125,yahoo,2026-09-21T08:53:04+00:00
2026-09-21,9403.SR,8.28,8.31,8.28,8.3,8.3,1367,yahoo,2026-09-21T08:53:04+00:00
2026-09-21,9404.SR,10.4,10.4,10.25,10.25,10.25,2047,yahoo,2026-09-21T08:53:04+00:00
2026-09-21,9408.SR,8.06,8.06,7.93,7.93,7.93,403,yahoo,2026-09-21T08:53:04+00:00
2026-09-21,^TASI.SR,10735.9404,10762.0801,10708.8398,10737.7998,10737.7998,61989187,yahoo,2026-09-21T08:53:04+00:00
2026-09-21,2222.SR,25.7,25.78,25.62,25.7,25.7,1623680,yahoo,2026-09-21T08:53:04+00:00
2026-09-21,1120.SR,66.1,66.45,66.1,66.35,66.35,1453817,yahoo,2026-09-21T08:53:04+00:00
2026-09-21,7010.SR,43.8,43.86,43.64,43.78,43.78,297776,yahoo,2026-09-21T08:53:04+00:00
2026-09-21,4013.SR,227.8,229.8,227.1,228.0,228.0,24462,yahoo,2026-09-21T08:53:04+00:00
2026-09-21,2280.SR,45.42,45.56,45.08,45.36,45.36,112457,yahoo,2026-09-21T08:53:04+00:00
2026-09-21,4190.SR,16.44,16.46,16.06,16.19,16.19,461080,yahoo,2026-09-21T08:53:04+00:00
2026-09-21,SAR=X,3.7562,3.7565,3.7561,3.7562,3.7562,0,yahoo,2026-09-21T08:53:04+00:00
2026-09-21,BZ=F,100.0,100.26,96.98,97.45,97.45,8126,yahoo,2026-09-21T08:53:04+00:00
2026-09-21,CL=F,96.75,97.22,93.46,93.93,93.93,64900,yahoo,2026-09-21T08:53:04+00:00
2026-09-21,VTI,377.89,381.0921,377.64,381.04,381.04,2049867,yahoo,2026-09-21T18:19:47+00:00
2026-09-21,ITOT,167.39,168.801,167.22,168.78,168.78,1878604,yahoo,2026-09-21T18:19:47+00:00
2026-09-21,VOO,706.19,712.72,705.96,712.615,712.615,3109546,yahoo,2026-09-21T18:19:47+00:00
2026-09-21,IVV,769.68,776.82,769.44,776.75,776.75,2365624,yahoo,2026-09-21T18:19:47+00:00
2026-09-21,SPYM,90.19,91.0276,90.16,91.016,91.016,6004005,yahoo,2026-09-21T18:19:47+00:00
2026-09-21,SCHB,29.59,29.8457,29.5738,29.8401,29.8401,5418722,yahoo,2026-09-21T18:19:47+00:00
2026-09-21,SGOV,100.59,100.6,100.59,100.593,100.593,17324793,yahoo,2026-09-21T18:19:47+00:00
2026-09-21,BIL,91.563,91.57,91.56,91.563,91.563,6845209,yahoo,2026-09-21T18:19:47+00:00
2026-09-21,USFR,50.49,50.51,50.49,50.505,50.505,4669865,yahoo,2026-09-21T18:19:47+00:00
2026-09-21,SHV,110.22,110.23,110.21,110.215,110.215,1598470,yahoo,2026-09-21T18:19:47+00:00
2026-09-21,KSA,37.08,37.14,36.975,37.14,37.14,314587,yahoo,2026-09-21T18:19:47+00:00
2026-09-21,^TNX,4.953,4.976,4.951,4.971,4.971,0,yahoo,2026-09-21T18:19:47+00:00
2026-09-21,^IRX,3.973,3.987,3.973,3.982,3.982,0,yahoo,2026-09-21T18:19:47+00:00
2026-09-21,MSFT,495.58,499.48,491.33,497.81,497.81,12121452,yahoo,2026-09-21T18:19:47+00:00
2026-09-21,V,369.54,370.265,366.09,367.28,367.28,2225324,yahoo,2026-09-21T18:19:47+00:00
2026-09-21,ISRG,393.89,400.12,391.04,399.69,399.69,1284066,yahoo,2026-09-21T18:19:47+00:00
2026-09-21,COST,891.07,897.77,885.5,896.69,896.69,1067948,yahoo,2026-09-21T18:19:47+00:00
2026-09-21,NVDA,222.935,227.67,221.56,227.225,227.225,66379906,yahoo,2026-09-21T18:19:47+00:00
2026-09-21,LLY,1144.495,1170.8999,1134.64,1170.385,1170.385,1062290,yahoo,2026-09-21T18:19:47+00:00
2026-09-21,UST3M,,,,4.17,4.17,,us_treasury,2026-09-21T22:32:39+00:00
2026-09-21,UST2Y,,,,4.76,4.76,,us_treasury,2026-09-21T22:32:39+00:00
2026-09-21,UST10Y,,,,4.96,4.96,,us_treasury,2026-09-21T22:32:39+00:00
2026-09-22,9412.SR,9.8,9.8,9.31,9.31,9.31,852,yahoo,2026-09-22T08:29:47+00:00
2026-09-22,9413.SR,9.96,9.96,9.9,9.9,9.9,4124,yahoo,2026-09-22T08:29:47+00:00
2026-09-22,9400.SR,48.0,48.8,48.0,48.7,48.7,251,yahoo,2026-09-22T08:29:47+00:00
2026-09-22,9402.SR,43.42,43.42,43.0,43.0,43.0,1354,yahoo,2026-09-22T08:29:47+00:00
2026-09-22,9403.SR,8.3,8.33,8.3,8.33,8.33,5242,yahoo,2026-09-22T08:29:47+00:00
2026-09-22,9404.SR,10.3,10.46,10.3,10.3,10.3,2111,yahoo,2026-09-22T08:29:47+00:00
2026-09-22,9408.SR,8.06,8.06,7.84,7.88,7.88,401,yahoo,2026-09-22T08:29:47+00:00
2026-09-22,^TASI.SR,10665.3701,10695.7197,10638.8301,10644.0195,10644.0195,38545355,yahoo,2026-09-22T08:29:47+00:00
2026-09-22,2222.SR,25.66,25.74,25.58,25.62,25.62,1152594,yahoo,2026-09-22T08:29:47+00:00
2026-09-22,1120.SR,65.0,65.05,64.35,64.5,64.5,2314553,yahoo,2026-09-22T08:29:47+00:00
2026-09-22,7010.SR,43.6,43.86,43.6,43.7,43.7,322765,yahoo,2026-09-22T08:29:47+00:00
2026-09-22,4013.SR,227.7,229.3,227.5,227.7,227.7,11821,yahoo,2026-09-22T08:29:47+00:00
2026-09-22,2280.SR,45.16,45.16,44.86,44.9,44.9,84155,yahoo,2026-09-22T08:29:47+00:00
2026-09-22,4190.SR,16.09,16.29,16.06,16.23,16.23,555841,yahoo,2026-09-22T08:29:47+00:00
2026-09-22,SAR=X,3.756,3.7565,3.755,3.7555,3.7555,0,yahoo,2026-09-22T08:29:47+00:00
2026-09-22,BZ=F,95.87,97.88,95.86,101.56,101.56,4777,yahoo,2026-09-22T08:29:47+00:00
2026-09-22,CL=F,91.95,93.84,91.75,92.92,92.92,36445,yahoo,2026-09-22T08:29:47+00:00
2026-09-22,VTI,381.71,382.055,380.7806,381.17,381.17,1658596,yahoo,2026-09-22T17:19:21+00:00
2026-09-22,ITOT,169.09,169.26,168.69,168.86,168.86,826891,yahoo,2026-09-22T17:19:21+00:00
2026-09-22,VOO,713.28,714.2899,711.98,712.55,712.55,3373477,yahoo,2026-09-22T17:19:21+00:00
2026-09-22,IVV,777.35,778.51,776.0293,776.61,776.61,2291962,yahoo,2026-09-22T17:19:21+00:00
2026-09-22,SPYM,91.095,91.22,90.9301,91.0043,91.0043,5729469,yahoo,2026-09-22T17:19:21+00:00
2026-09-22,SCHB,29.9,29.9199,29.82,29.8599,29.8599,4823845,yahoo,2026-09-22T17:19:21+00:00
2026-09-22,SGOV,100.61,100.61,100.6,100.6,100.6,12320379,yahoo,2026-09-22T17:19:21+00:00
2026-09-22,BIL,91.57,91.58,91.57,91.57,91.57,7127679,yahoo,2026-09-22T17:19:21+00:00
2026-09-22,USFR,50.5,50.51,50.5,50.505,50.505,3581831,yahoo,2026-09-22T17:19:21+00:00
2026-09-22,SHV,110.23,110.24,110.22,110.225,110.225,1498111,yahoo,2026-09-22T17:19:21+00:00
2026-09-22,KSA,37.19,37.32,37.25,37.32,37.32,227018,yahoo,2026-09-22T17:19:21+00:00
2026-09-22,^TNX,4.929,4.98,4.926,4.978,4.978,0,yahoo,2026-09-22T17:19:21+00:00
2026-09-22,^IRX,4.005,4.01,4.005,4.008,4.008,0,yahoo,2026-09-22T17:19:21+00:00
2026-09-22,MSFT,507.515,508.5,493.65,497.055,497.055,11440504,yahoo,2026-09-22T17:19:21+00:00
2026-09-22,V,371.76,372.0,359.8,362.91,362.91,2808928,yahoo,2026-09-22T17:19:21+00:00
2026-09-22,ISRG,403.0,403.97,397.72,399.4808,399.4808,670698,yahoo,2026-09-22T17:19:21+00:00
2026-09-22,COST,902.255,903.36,895.84,898.62,898.62,902158,yahoo,2026-09-22T17:19:21+00:00
2026-09-22,NVDA,226.91,229.98,226.5,229.77,229.77,48030915,yahoo,2026-09-22T17:19:21+00:00
2026-09-22,LLY,1146.15,1180.47,1139.3341,1168.6801,1168.6801,1183948,yahoo,2026-09-22T17:19:21+00:00
2026-09-22,UST3M,,,,4.16,4.16,,us_treasury,2026-09-22T21:09:47+00:00
2026-09-22,UST2Y,,,,4.71,4.71,,us_treasury,2026-09-22T21:09:47+00:00
2026-09-22,UST10Y,,,,4.96,4.96,,us_treasury,2026-09-22T21:09:47+00:00
2026-09-23,SAR=X,3.7552,3.7565,3.755,3.7552,3.7552,0,yahoo,2026-09-23T08:31:58+00:00
2026-09-23,BZ=F,99.05,95.72,94.1,95.59,95.59,7171,yahoo,2026-09-23T08:31:58+00:00
2026-09-23,CL=F,89.89,90.38,88.71,90.03,90.03,48343,yahoo,2026-09-23T08:31:58+00:00
